Round,Wk,Day,Date,Time,Home,Score,Away,Attendance,Venue,Referee,Match Report,Notes,Goles_Local,Goles_Visita,Resultado_1X2
Apertura 2024 Regular Season,1.0,Fri,2024-07-05,16:45,Puebla,1-0,Santos Laguna,8331.0,Estadio Cuauhtémoc,Jorge Camacho,Match Report,,1.0,0.0,1
Apertura 2024 Regular Season,1.0,Fri,2024-07-05,19:00,Querétaro,1-2,Tijuana,9237.0,Estadio La Corregidora,Luis García,Match Report,,1.0,2.0,2
Apertura 2024 Regular Season,1.0,Fri,2024-07-05,21:10,FC Juárez,2-2,Atlas,7046.0,Estadio Olímpico Benito Juárez,Óscar Macias,Match Report,,2.0,2.0,X
Apertura 2024 Regular Season,1.0,Sat,2024-07-06,17:00,Atlético San Luis,2-1,América,21480.0,Estadio Alfonso Lastras Ramírez,Iván López,Match Report,,2.0,1.0,1
Apertura 2024 Regular Season,1.0,Sat,2024-07-06,19:00,Guadalajara,0-0,Toluca,37251.0,Estadio Akron,Jesus Lopez,Match Report,,0.0,0.0,X
Apertura 2024 Regular Season,1.0,Sat,2024-07-06,19:00,UANL,1-0,Necaxa,40371.0,Estadio Universitario de Nuevo León,Vicente Arce,Match Report,,1.0,0.0,1
Apertura 2024 Regular Season,1.0,Sat,2024-07-06,21:00,Cruz Azul,1-0,Atlante,15206.0,Estadio de la Ciudad de los Deportes,Karen Hernández,Match Report,,1.0,0.0,1
Apertura 2024 Regular Season,1.0,Sun,2024-07-07,13:00,UNAM,4-1,León,19950.0,Estadio Olímpico de Universitario,Maximiliano Quintero,Match Report,,4.0,1.0,1
Apertura 2024 Regular Season,1.0,Sun,2024-07-07,19:06,Pachuca,0-1,Monterrey,18262.0,Estadio Hidalgo,Ismael Lopez,Match Report,,0.0,1.0,2
Apertura 2024 Regular Season,2.0,Fri,2024-07-12,19:00,América,3-1,Querétaro,9997.0,Estadio de la Ciudad de los Deportes,Katia García,Match Report,,3.0,1.0,1
Apertura 2024 Regular Season,2.0,Fri,2024-07-12,20:00,Tijuana,4-2,Guadalajara,29333.0,Estadio Caliente,Iván López,Match Report,,4.0,2.0,1
Apertura 2024 Regular Season,2.0,Fri,2024-07-12,20:00,Atlante,2-2,Atlético San Luis,9147.0,Estadio El Encanto,Martín Molina,Match Report,,2.0,2.0,X
Apertura 2024 Regular Season,2.0,Fri,2024-07-12,21:05,Atlas,1-1,UANL,13614.0,Estadio Jalisco,Jorge Camacho,Match Report,,1.0,1.0,X
Apertura 2024 Regular Season,2.0,Sat,2024-07-13,17:00,Necaxa,4-1,Puebla,13540.0,Estadio Victoria de Aguascalientes,Abraham Quirarte,Match Report,,4.0,1.0,1
Apertura 2024 Regular Season,2.0,Sat,2024-07-13,17:00,León,0-0,Pachuca,13279.0,Estadio León,Salvador Pérez Villalobos,Match Report,,0.0,0.0,X
Apertura 2024 Regular Season,2.0,Sat,2024-07-13,19:10,Toluca,3-2,FC Juárez,23320.0,Estadio Nemesio Díez,Vicente Arce,Match Report,,3.0,2.0,1
Apertura 2024 Regular Season,2.0,Sat,2024-07-13,19:25,Santos Laguna,1-1,UNAM,11097.0,Estadio Nuevo Corona,Charles Terrazas,Match Report,,1.0,1.0,X
Apertura 2024 Regular Season,2.0,Sat,2024-07-13,21:10,Monterrey,0-4,Cruz Azul,45957.0,Estadio BBVA Bancomer,Maximiliano Quintero,Match Report,,0.0,4.0,2
Apertura 2024 Regular Season,3.0,Tue,2024-07-16,19:00,Querétaro,0-2,Guadalajara,28891.0,Estadio La Corregidora,Fernando Hernández,Match Report,,0.0,2.0,2
Apertura 2024 Regular Season,3.0,Tue,2024-07-16,19:00,Pachuca,2-0,Atlético San Luis,10215.0,Estadio Hidalgo,Víctor Cáceres,Match Report,,2.0,0.0,1
Apertura 2024 Regular Season,3.0,Tue,2024-07-16,19:00,Atlas,1-0,Santos Laguna,12331.0,Estadio Jalisco,Luis Enrique Santander,Match Report,,1.0,0.0,1
Apertura 2024 Regular Season,3.0,Tue,2024-07-16,21:00,Puebla,2-2,León,7883.0,Estadio Cuauhtémoc,Marco Antonio Ortíz,Match Report,,2.0,2.0,X
Apertura 2024 Regular Season,3.0,Tue,2024-07-16,21:05,Cruz Azul,3-0,Tijuana,25414.0,Estadio de la Ciudad de los Deportes,Ismael Lopez,Match Report,,3.0,0.0,1
Apertura 2024 Regular Season,3.0,Wed,2024-07-17,19:00,Necaxa,0-1,Monterrey,13668.0,Estadio Victoria de Aguascalientes,Jesus Lopez,Match Report,,0.0,1.0,2
Apertura 2024 Regular Season,3.0,Wed,2024-07-17,19:06,FC Juárez,1-2,UNAM,8818.0,Estadio Olímpico Benito Juárez,Daniel Quintero,Match Report,,1.0,2.0,2
Apertura 2024 Regular Season,3.0,Wed,2024-07-17,21:00,UANL,1-0,América,41615.0,Estadio Universitario de Nuevo León,Fernando Guerrero,Match Report,,1.0,0.0,1
Apertura 2024 Regular Season,3.0,Wed,2024-07-17,21:00,Toluca,3-0,Atlante,22646.0,Estadio Nemesio Díez,Adonai Escobedo,Match Report,,3.0,0.0,1
Apertura 2024 Regular Season,4.0,Fri,2024-07-19,19:00,Atlético San Luis,1-1,Tijuana,12762.0,Estadio Alfonso Lastras Ramírez,Charles Terrazas,Match Report,,1.0,1.0,X
Apertura 2024 Regular Season,4.0,Fri,2024-07-19,21:05,Puebla,1-2,Atlas,10847.0,Estadio Cuauhtémoc,Iván López,Match Report,,1.0,2.0,2
Apertura 2024 Regular Season,4.0,Sat,2024-07-20,17:05,Guadalajara,2-0,Atlante,35602.0,Estadio Akron,Oscar Mejía,Match Report,,2.0,0.0,1
Apertura 2024 Regular Season,4.0,Sat,2024-07-20,19:00,Monterrey,2-1,Querétaro,39932.0,Estadio BBVA Bancomer,Víctor Cáceres,Match Report,,2.0,1.0,1
Apertura 2024 Regular Season,4.0,Sat,2024-07-20,19:00,Santos Laguna,0-3,UANL,12537.0,Estadio Nuevo Corona,Marco Antonio Ortíz,Match Report,,0.0,3.0,2
Apertura 2024 Regular Season,4.0,Sat,2024-07-20,21:05,Cruz Azul,1-1,Toluca,25862.0,Estadio de la Ciudad de los Deportes,Jesus Lopez,Match Report,,1.0,1.0,X
Apertura 2024 Regular Season,4.0,Sat,2024-07-20,21:10,FC Juárez,1-2,América,14917.0,Estadio Olímpico Benito Juárez,Maximiliano Quintero,Match Report,,1.0,2.0,2
Apertura 2024 Regular Season,4.0,Sun,2024-07-21,17:00,UNAM,2-0,Pachuca,20854.0,Estadio Olímpico de Universitario,Vicente Arce,Match Report,,2.0,0.0,1
Apertura 2024 Regular Season,4.0,Sun,2024-07-21,19:05,León,1-1,Necaxa,19930.0,Estadio León,Luis García,Match Report,,1.0,1.0,X
Apertura 2024 Regular Season,16.0,Fri,2024-08-16,19:00,Puebla,1-2,Monterrey,9000.0,Estadio Cuauhtémoc,Salvador Pérez Villalobos,Match Report,,1.0,2.0,2
Apertura 2024 Regular Season,8.0,Sun,2024-08-18,17:05,Tijuana,3-1,Santos Laguna,18633.0,Estadio Caliente,Maximiliano Quintero,Match Report,,3.0,1.0,1
Apertura 2024 Regular Season,13.0,Sun,2024-08-18,20:00,Atlético San Luis,4-0,Querétaro,11214.0,Estadio Alfonso Lastras Ramírez,Jesus Lopez,Match Report,,4.0,0.0,1
Apertura 2024 Regular Season,5.0,Fri,2024-08-23,19:00,Querétaro,0-2,Cruz Azul,27884.0,Estadio La Corregidora,Guillermo Pacheco,Match Report,,0.0,2.0,2
Apertura 2024 Regular Season,5.0,Fri,2024-08-23,19:00,Atlante,3-0,Pachuca,9095.0,Estadio El Encanto,Marco Antonio Ortíz,Match Report,,3.0,0.0,1
Apertura 2024 Regular Season,5.0,Fri,2024-08-23,20:05,Tijuana,2-2,Monterrey,23333.0,Estadio Caliente,César Arturo Ramos,Match Report,,2.0,2.0,X
Apertura 2024 Regular Season,5.0,Sat,2024-08-24,17:00,Necaxa,3-0,FC Juárez,12967.0,Estadio Victoria de Aguascalientes,Martín Molina,Match Report,,3.0,0.0,1
Apertura 2024 Regular Season,5.0,Sat,2024-08-24,19:00,León,1-1,Santos Laguna,18129.0,Estadio León,Adonai Escobedo,Match Report,,1.0,1.0,X
Apertura 2024 Regular Season,5.0,Sat,2024-08-24,19:00,UANL,1-1,Guadalajara,41615.0,Estadio Universitario de Nuevo León,Daniel Quintero,Match Report,,1.0,1.0,X
Apertura 2024 Regular Season,5.0,Sat,2024-08-24,19:00,Atlas,2-1,UNAM,17319.0,Estadio Jalisco,Fernando Hernández,Match Report,,2.0,1.0,1
Apertura 2024 Regular Season,5.0,Sat,2024-08-24,21:05,América,0-1,Puebla,11978.0,Estadio de la Ciudad de los Deportes,Luis Enrique Santander,Match Report,,0.0,1.0,2
Apertura 2024 Regular Season,5.0,Sun,2024-08-25,13:00,Toluca,2-1,Atlético San Luis,24545.0,Estadio Nemesio Díez,Katia García,Match Report,,2.0,1.0,1
Apertura 2024 Regular Season,6.0,Fri,2024-08-30,19:00,Atlante,1-1,Puebla,8357.0,Estadio El Encanto,Ismael Lopez,Match Report,,1.0,1.0,X
Apertura 2024 Regular Season,6.0,Fri,2024-08-30,19:00,Atlético San Luis,2-1,Atlas,132023.0,Estadio Alfonso Lastras Ramírez,Jorge Camacho,Match Report,,2.0,1.0,1
Apertura 2024 Regular Season,6.0,Fri,2024-08-30,20:05,Tijuana,2-1,León,22333.0,Estadio Caliente,Víctor Cáceres,Match Report,,2.0,1.0,1
Apertura 2024 Regular Season,6.0,Sat,2024-08-31,17:00,Pachuca,1-1,Querétaro,10841.0,Estadio Hidalgo,Iván López,Match Report,,1.0,1.0,X
Apertura 2024 Regular Season,6.0,Sat,2024-08-31,17:05,Guadalajara,5-0,FC Juárez,34829.0,Estadio Akron,Adonai Escobedo,Match Report,,5.0,0.0,1
Apertura 2024 Regular Season,6.0,Sat,2024-08-31,19:00,Monterrey,1-2,Toluca,43150.0,Estadio BBVA Bancomer,Fernando Guerrero,Match Report,,1.0,2.0,2
Apertura 2024 Regular Season,6.0,Sat,2024-08-31,21:10,Cruz Azul,4-1,América,25282.0,Estadio de la Ciudad de los Deportes,César Arturo Ramos,Match Report,,4.0,1.0,1
Apertura 2024 Regular Season,6.0,Sun,2024-09-01,17:00,UNAM,1-3,UANL,23752.0,Estadio Olímpico de Universitario,Oscar Mejía,Match Report,,1.0,3.0,2
Apertura 2024 Regular Season,6.0,Sun,2024-09-01,19:05,Santos Laguna,3-2,Necaxa,8361.0,Estadio Nuevo Corona,Guillermo Pacheco,Match Report,,3.0,2.0,1
Apertura 2024 Regular Season,7.0,Fri,2024-09-13,18:00,Puebla,2-1,Querétaro,8266.0,Estadio Cuauhtémoc,Vicente Arce,Match Report,,2.0,1.0,1
Apertura 2024 Regular Season,7.0,Fri,2024-09-13,19:00,Atlas,2-0,Pachuca,12654.0,Estadio Jalisco,Luis Enrique Santander,Match Report,,2.0,0.0,1
Apertura 2024 Regular Season,7.0,Fri,2024-09-13,20:10,FC Juárez,1-0,Atlante,9486.0,Estadio Olímpico Benito Juárez,Fernando Hernández,Match Report,,1.0,0.0,1
Apertura 2024 Regular Season,7.0,Fri,2024-09-13,20:10,UANL,1-0,Atlético San Luis,40263.0,Estadio Universitario de Nuevo León,Martín Molina,Match Report,,1.0,0.0,1
Apertura 2024 Regular Season,7.0,Fri,2024-09-13,21:00,Necaxa,2-0,UNAM,14725.0,Estadio Victoria de Aguascalientes,Katia García,Match Report,,2.0,0.0,1
Apertura 2024 Regular Season,7.0,Sat,2024-09-14,16:45,Toluca,4-0,Tijuana,24507.0,Estadio Nemesio Díez,Ismael Lopez,Match Report,,4.0,0.0,1
Apertura 2024 Regular Season,7.0,Sat,2024-09-14,18:50,América,1-0,Guadalajara,26040.0,Estadio de la Ciudad de los Deportes,Víctor Cáceres,Match Report,,1.0,0.0,1
Apertura 2024 Regular Season,7.0,Sat,2024-09-14,20:35,León,1-2,Cruz Azul,21585.0,Estadio León,Maximiliano Quintero,Match Report,,1.0,2.0,2
Apertura 2024 Regular Season,7.0,Sat,2024-09-14,21:00,Santos Laguna,0-2,Monterrey,11241.0,Estadio Nuevo Corona,Erick Miranda,Match Report,,0.0,2.0,2
Apertura 2024 Regular Season,8.0,Tue,2024-09-17,19:00,Atlético San Luis,3-1,Cruz Azul,18971.0,Estadio Alfonso Lastras Ramírez,Oscar Mejía,Match Report,,3.0,1.0,1
Apertura 2024 Regular Season,8.0,Tue,2024-09-17,19:00,Pachuca,2-2,Toluca,9635.0,Estadio Hidalgo,Jesus Lopez,Match Report,,2.0,2.0,X
Apertura 2024 Regular Season,8.0,Tue,2024-09-17,19:00,América,3-0,Atlas,10236.0,Estadio de la Ciudad de los Deportes,Adonai Escobedo,Match Report,,3.0,0.0,1
Apertura 2024 Regular Season,8.0,Tue,2024-09-17,21:00,Querétaro,1-0,UANL,11571.0,Estadio La Corregidora,Fernando Guerrero,Match Report,,1.0,0.0,1
Apertura 2024 Regular Season,8.0,Tue,2024-09-17,21:05,UNAM,1-0,Puebla,7606.0,Estadio Olímpico de Universitario,Iván López,Match Report,,1.0,0.0,1
Apertura 2024 Regular Season,8.0,Wed,2024-09-18,19:00,Atlante,0-0,Necaxa,7247.0,Estadio El Encanto,Daniel Quintero,Match Report,,0.0,0.0,X
Apertura 2024 Regular Season,8.0,Wed,2024-09-18,19:05,Guadalajara,2-0,León,31075.0,Estadio Akron,Guillermo Pacheco,Match Report,,2.0,0.0,1
Apertura 2024 Regular Season,8.0,Wed,2024-09-18,21:00,Monterrey,3-2,FC Juárez,36441.0,Estadio BBVA Bancomer,Salvador Pérez Villalobos,Match Report,,3.0,2.0,1
Apertura 2024 Regular Season,9.0,Fri,2024-09-20,19:00,Puebla,2-3,Pachuca,7676.0,Estadio Cuauhtémoc,Maximiliano Quintero,Match Report,,2.0,3.0,2
Apertura 2024 Regular Season,9.0,Fri,2024-09-20,19:00,Atlas,0-1,Querétaro,10038.0,Estadio Jalisco,Jesus Lopez,Match Report,,0.0,1.0,2
Apertura 2024 Regular Season,9.0,Sat,2024-09-21,17:00,León,1-0,Atlético San Luis,13297.0,Estadio León,Luis García,Match Report,,1.0,0.0,1
Apertura 2024 Regular Season,9.0,Sat,2024-09-21,19:00,Monterrey,0-0,Atlante,43721.0,Estadio BBVA Bancomer,Ismael Lopez,Match Report,,0.0,0.0,X
Apertura 2024 Regular Season,9.0,Sat,2024-09-21,19:00,Necaxa,1-1,América,20147.0,Estadio Victoria de Aguascalientes,Oscar Mejía,Match Report,,1.0,1.0,X
Apertura 2024 Regular Season,9.0,Sat,2024-09-21,21:05,Cruz Azul,1-0,Guadalajara,25851.0,Estadio de la Ciudad de los Deportes,Daniel Quintero,Match Report,,1.0,0.0,1
Apertura 2024 Regular Season,9.0,Sun,2024-09-22,17:00,UNAM,1-0,Tijuana,12277.0,Estadio Olímpico de Universitario,Luis Enrique Santander,Match Report,,1.0,0.0,1
Apertura 2024 Regular Season,9.0,Sun,2024-09-22,19:05,Santos Laguna,2-0,Toluca,9074.0,Estadio Nuevo Corona,Iván López,Match Report,,2.0,0.0,1
Apertura 2024 Regular Season,9.0,Sun,2024-09-22,19:10,FC Juárez,0-1,UANL,10689.0,Estadio Olímpico Benito Juárez,Víctor Cáceres,Match Report,,0.0,1.0,2
Apertura 2024 Regular Season,10.0,Fri,2024-09-27,18:00,Puebla,2-3,FC Juárez,5147.0,Estadio Cuauhtémoc,Oscar Mejía,Match Report,,2.0,3.0,2
Apertura 2024 Regular Season,10.0,Fri,2024-09-27,19:00,Querétaro,0-0,Necaxa,7844.0,Estadio La Corregidora,Jorge Camacho,Match Report,,0.0,0.0,X
Apertura 2024 Regular Season,10.0,Fri,2024-09-27,20:00,UANL,2-2,León,39834.0,Estadio Universitario de Nuevo León,Daniel Quintero,Match Report,,2.0,2.0,X
Apertura 2024 Regular Season,10.0,Fri,2024-09-27,20:05,Tijuana,1-0,Atlante,18333.0,Estadio Caliente,Víctor Cáceres,Match Report,,1.0,0.0,1
Apertura 2024 Regular Season,10.0,Sat,2024-09-28,17:00,Toluca,4-1,Atlas,24963.0,Estadio Nemesio Díez,Charles Terrazas,Match Report,,4.0,1.0,1
Apertura 2024 Regular Season,10.0,Sat,2024-09-28,19:05,Pachuca,2-4,Cruz Azul,14462.0,Estadio Hidalgo,Adonai Escobedo,Match Report,,2.0,4.0,2
Apertura 2024 Regular Season,10.0,Sat,2024-09-28,21:05,Guadalajara,1-1,Monterrey,36043.0,Estadio Akron,Jesus Lopez,Match Report,,1.0,1.0,X
Apertura 2024 Regular Season,10.0,Sat,2024-09-28,21:10,Atlético San Luis,3-1,Santos Laguna,13800.0,Estadio Alfonso Lastras Ramírez,Maximiliano Quintero,Match Report,,3.0,1.0,1
Apertura 2024 Regular Season,10.0,Sun,2024-09-29,18:00,América,0-1,UNAM,23401.0,Estadio de la Ciudad de los Deportes,Fernando Hernández,Match Report,,0.0,1.0,2
Apertura 2024 Regular Season,11.0,Fri,2024-10-04,19:00,Atlante,2-2,Querétaro,7773.0,Estadio El Encanto,Oscar Mejía,Match Report,,2.0,2.0,X
Apertura 2024 Regular Season,11.0,Fri,2024-10-04,20:00,Tijuana,2-1,Pachuca,19333.0,Estadio Caliente,Iván López,Match Report,,2.0,1.0,1
Apertura 2024 Regular Season,11.0,Sat,2024-10-05,17:00,Cruz Azul,3-0,Necaxa,25589.0,Estadio de la Ciudad de los Deportes,Guillermo Pacheco,Match Report,,3.0,0.0,1
Apertura 2024 Regular Season,11.0,Sat,2024-10-05,17:00,UANL,1-0,Puebla,26270.0,Estadio Universitario de Nuevo León,Vicente Arce,Match Report,,1.0,0.0,1
Apertura 2024 Regular Season,11.0,Sat,2024-10-05,17:00,Atlético San Luis,1-0,Monterrey,16861.0,Estadio Alfonso Lastras Ramírez,Víctor Cáceres,Match Report,,1.0,0.0,1
Apertura 2024 Regular Season,11.0,Sat,2024-10-05,19:00,Toluca,1-1,UNAM,27273.0,Estadio Nemesio Díez,Adonai Escobedo,Match Report,,1.0,1.0,X
Apertura 2024 Regular Season,11.0,Sat,2024-10-05,19:05,Guadalajara,2-3,Atlas,40846.0,Estadio Akron,Fernando Hernández,Match Report,,2.0,3.0,2
Apertura 2024 Regular Season,11.0,Sat,2024-10-05,21:00,León,1-1,América,17945.0,Estadio León,César Arturo Ramos,Match Report,,1.0,1.0,X
Apertura 2024 Regular Season,11.0,Sun,2024-10-06,20:05,Santos Laguna,0-2,FC Juárez,7341.0,Estadio Nuevo Corona,Ismael Lopez,Match Report,,0.0,2.0,2
Apertura 2024 Regular Season,12.0,Fri,2024-10-18,19:00,Querétaro,0-1,Toluca,13046.0,Estadio La Corregidora,Maximiliano Quintero,Match Report,,0.0,1.0,2
Apertura 2024 Regular Season,12.0,Fri,2024-10-18,19:00,Atlas,0-0,Atlante,10690.0,Estadio Jalisco,Daniel Quintero,Match Report,,0.0,0.0,X
Apertura 2024 Regular Season,12.0,Fri,2024-10-18,21:00,Necaxa,1-2,Tijuana,13960.0,Estadio Victoria de Aguascalientes,Adonai Escobedo,Match Report,,1.0,2.0,2
Apertura 2024 Regular Season,12.0,Fri,2024-10-18,21:05,Puebla,1-2,Cruz Azul,34978.0,Estadio Cuauhtémoc,Charles Terrazas,Match Report,,1.0,2.0,2
Apertura 2024 Regular Season,12.0,Sat,2024-10-19,17:00,Pachuca,0-2,Guadalajara,10868.0,Estadio Hidalgo,César Arturo Ramos,Match Report,,0.0,2.0,2
Apertura 2024 Regular Season,12.0,Sat,2024-10-19,19:05,América,3-0,Santos Laguna,24110.0,Estadio de la Ciudad de los Deportes,Jesus Lopez,Match Report,,3.0,0.0,1
Apertura 2024 Regular Season,12.0,Sat,2024-10-19,19:06,FC Juárez,2-3,León,8235.0,Estadio Olímpico Benito Juárez,Víctor Cáceres,Match Report,,2.0,3.0,2
Apertura 2024 Regular Season,12.0,Sat,2024-10-19,21:10,Monterrey,4-2,UANL,51348.0,Estadio BBVA Bancomer,Oscar Mejía,Match Report,,4.0,2.0,1
Apertura 2024 Regular Season,12.0,Sun,2024-10-20,13:00,UNAM,3-0,Atlético San Luis,17850.0,Estadio Olímpico de Universitario,Guillermo Pacheco,Match Report,,3.0,0.0,1
Apertura 2024 Regular Season,13.0,Tue,2024-10-22,19:00,Santos Laguna,1-1,Pachuca,6531.0,Estadio Nuevo Corona,Daniel Quintero,Match Report,,1.0,1.0,X
Apertura 2024 Regular Season,13.0,Tue,2024-10-22,19:05,Guadalajara,3-2,Necaxa,31120.0,Estadio Akron,Víctor Cáceres,Match Report,,3.0,2.0,1
Apertura 2024 Regular Season,13.0,Tue,2024-10-22,20:06,Atlante,2-0,UANL,9642.0,Estadio El Encanto,César Arturo Ramos,Match Report,,2.0,0.0,1
Apertura 2024 Regular Season,13.0,Tue,2024-10-22,21:05,Toluca,5-0,Puebla,24521.0,Estadio Nemesio Díez,Jorge Camacho,Match Report,,5.0,0.0,1
Apertura 2024 Regular Season,13.0,Wed,2024-10-23,19:00,Cruz Azul,4-0,FC Juárez,26278.0,Estadio de la Ciudad de los Deportes,Vicente Arce,Match Report,,4.0,0.0,1
Apertura 2024 Regular Season,13.0,Wed,2024-10-23,19:00,Monterrey,0-0,UNAM,40959.0,Estadio BBVA Bancomer,Adonai Escobedo,Match Report,,0.0,0.0,X
Apertura 2024 Regular Season,13.0,Wed,2024-10-23,20:05,Tijuana,2-2,América,27333.0,Estadio Caliente,Fernando Hernández,Match Report,,2.0,2.0,X
Apertura 2024 Regular Season,13.0,Wed,2024-10-23,21:00,León,0-0,Atlas,16608.0,Estadio León,Oscar Mejía,Match Report,,0.0,0.0,X
Apertura 2024 Regular Season,14.0,Fri,2024-10-25,19:00,Santos Laguna,0-0,Atlante,6096.0,Estadio Nuevo Corona,Jorge Camacho,Match Report,,0.0,0.0,X
Apertura 2024 Regular Season,14.0,Fri,2024-10-25,21:00,Puebla,1-0,Guadalajara,32325.0,Estadio Cuauhtémoc,Ismael Lopez,Match Report,,1.0,0.0,1
Apertura 2024 Regular Season,14.0,Sat,2024-10-26,17:00,León,4-0,Querétaro,18763.0,Estadio León,Adonai Escobedo,Match Report,,4.0,0.0,1
Apertura 2024 Regular Season,14.0,Sat,2024-10-26,19:00,UNAM,0-2,Cruz Azul,37576.0,Estadio Olímpico de Universitario,César Arturo Ramos,Match Report,,0.0,2.0,2
Apertura 2024 Regular Season,14.0,Sat,2024-10-26,21:00,UANL,2-1,Pachuca,35176.0,Estadio Universitario de Nuevo León,Víctor Cáceres,Match Report,,2.0,1.0,1
Apertura 2024 Regular Season,14.0,Sat,2024-10-26,21:05,Atlas,0-0,Tijuana,10759.0,Estadio Jalisco,Katia García,Match Report,,0.0,0.0,X
Apertura 2024 Regular Season,14.0,Sun,2024-10-27,18:00,Necaxa,1-3,Toluca,16443.0,Estadio Victoria de Aguascalientes,Fernando Guerrero,Match Report,,1.0,3.0,2
Apertura 2024 Regular Season,14.0,Sun,2024-10-27,18:06,FC Juárez,2-4,Atlético San Luis,6548.0,Estadio Olímpico Benito Juárez,Marco Antonio Ortíz,Match Report,,2.0,4.0,2
Apertura 2024 Regular Season,14.0,Sun,2024-10-27,20:05,América,2-1,Monterrey,23810.0,Estadio de la Ciudad de los Deportes,Daniel Quintero,Match Report,,2.0,1.0,1
Apertura 2024 Regular Season,15.0,Fri,2024-11-01,19:00,Querétaro,1-2,FC Juárez,6391.0,Estadio La Corregidora,César Arturo Ramos,Match Report,,1.0,2.0,2
Apertura 2024 Regular Season,15.0,Fri,2024-11-01,20:00,Atlante,0-5,América,6391.0,Estadio El Encanto,Adonai Escobedo,Match Report,,0.0,5.0,2
Apertura 2024 Regular Season,15.0,Fri,2024-11-01,20:05,Tijuana,0-3,UANL,16325.0,Estadio Caliente,Fernando Guerrero,Match Report,,0.0,3.0,2
Apertura 2024 Regular Season,15.0,Sat,2024-11-02,17:00,Toluca,2-2,León,27273.0,Estadio Nemesio Díez,Guillermo Pacheco,Match Report,,2.0,2.0,X
Apertura 2024 Regular Season,15.0,Sat,2024-11-02,17:00,Atlético San Luis,2-0,Puebla,15768.0,Estadio Alfonso Lastras Ramírez,Oscar Mejía,Match Report,,2.0,0.0,1
Apertura 2024 Regular Season,15.0,Sat,2024-11-02,19:05,Guadalajara,0-0,UNAM,37819.0,Estadio Akron,Marco Antonio Ortíz,Match Report,,0.0,0.0,X
Apertura 2024 Regular Season,15.0,Sat,2024-11-02,19:05,Monterrey,4-0,Atlas,40301.0,Estadio BBVA Bancomer,Fernando Hernández,Match Report,,4.0,0.0,1
Apertura 2024 Regular Season,15.0,Sat,2024-11-02,21:06,Pachuca,6-2,Necaxa,5541.0,Estadio Hidalgo,Ismael Lopez,Match Report,,6.0,2.0,1
Apertura 2024 Regular Season,15.0,Sat,2024-11-02,21:10,Cruz Azul,2-0,Santos Laguna,24271.0,Estadio de la Ciudad de los Deportes,Karen Hernández,Match Report,,2.0,0.0,1
Apertura 2024 Regular Season,16.0,Tue,2024-11-05,19:00,León,0-0,Atlante,18928.0,Estadio León,Fernando Hernández,Match Report,,0.0,0.0,X
Apertura 2024 Regular Season,16.0,Tue,2024-11-05,19:00,Santos Laguna,0-2,Guadalajara,12507.0,Estadio Nuevo Corona,Iván López,Match Report,,0.0,2.0,2
Apertura 2024 Regular Season,16.0,Tue,2024-11-05,21:05,UNAM,2-0,Querétaro,12363.0,Estadio Olímpico de Universitario,Daniel Quintero,Match Report,,2.0,0.0,1
Apertura 2024 Regular Season,16.0,Wed,2024-11-06,19:00,UANL,2-1,Toluca,40830.0,Estadio Universitario de Nuevo León,Marco Antonio Ortíz,Match Report,,2.0,1.0,1
Apertura 2024 Regular Season,16.0,Wed,2024-11-06,19:00,Necaxa,1-1,Atlético San Luis,17969.0,Estadio Victoria de Aguascalientes,Jesus Lopez,Match Report,,1.0,1.0,X
Apertura 2024 Regular Season,16.0,Wed,2024-11-06,19:00,América,2-1,Pachuca,40814.0,Estadio Cuauhtémoc,Fernando Guerrero,Match Report,,2.0,1.0,1
Apertura 2024 Regular Season,16.0,Wed,2024-11-06,20:06,FC Juárez,1-1,Tijuana,6098.0,Estadio Olímpico Benito Juárez,Oscar Mejía,Match Report,,1.0,1.0,X
Apertura 2024 Regular Season,16.0,Wed,2024-11-06,21:05,Atlas,2-2,Cruz Azul,242024.0,Estadio Jalisco,Víctor Cáceres,Match Report,,2.0,2.0,X
Apertura 2024 Regular Season,17.0,Fri,2024-11-08,19:00,Querétaro,3-2,Santos Laguna,7046.0,Estadio La Corregidora,Óscar Macias,Match Report,,3.0,2.0,1
Apertura 2024 Regular Season,17.0,Fri,2024-11-08,20:00,Atlante,0-1,UNAM,8592.0,Estadio El Encanto,Erick Miranda,Match Report,,0.0,1.0,2
Apertura 2024 Regular Season,17.0,Sat,2024-11-09,17:05,Guadalajara,0-1,Atlético San Luis,35066.0,Estadio Akron,Daniel Quintero,Match Report,,0.0,1.0,2
Apertura 2024 Regular Season,17.0,Sat,2024-11-09,19:00,Pachuca,0-1,FC Juárez,5879.0,Estadio Hidalgo,Jorge Camacho,Match Report,,0.0,1.0,2
Apertura 2024 Regular Season,17.0,Sat,2024-11-09,19:00,Toluca,4-0,América,27273.0,Estadio Nemesio Díez,Víctor Cáceres,Match Report,,4.0,0.0,1
Apertura 2024 Regular Season,17.0,Sat,2024-11-09,21:05,Cruz Azul,1-1,UANL,26536.0,Estadio de la Ciudad de los Deportes,Adonai Escobedo,Match Report,,1.0,1.0,X
Apertura 2024 Regular Season,17.0,Sun,2024-11-10,17:00,Necaxa,0-0,Atlas,19121.0,Estadio Victoria de Aguascalientes,Marco Antonio Ortíz,Match Report,,0.0,0.0,X
Apertura 2024 Regular Season,17.0,Sun,2024-11-10,19:05,Monterrey,2-1,León,41874.0,Estadio BBVA Bancomer,César Arturo Ramos,Match Report,,2.0,1.0,1
Apertura 2024 Regular Season,17.0,Sun,2024-11-10,19:10,Tijuana,2-1,Puebla,21333.0,Estadio Caliente,Ismael Lopez,Match Report,,2.0,1.0,1
Apertura — 7-seed match,,Thu,2024-11-21,19:00,Tijuana, 2-2 ,América,29333.0,Estadio Caliente,Adonai Escobedo,Match Report,América won a penalty shoot-out following extra time,2.0,2.0,X
Apertura — 9/10 match,,Thu,2024-11-21,19:05,Guadalajara,1-2,Atlas,40645.0,Estadio Akron,César Arturo Ramos,Match Report,,1.0,2.0,2
Apertura — 8-seed match,,Sun,2024-11-24,19:00,Tijuana,3-0,Atlas,17333.0,Estadio Caliente,Víctor Cáceres,Match Report,,3.0,0.0,1
Apertura — Quarter-finals,,Wed,2024-11-27,19:00,América,2-0,Toluca,27025.0,Estadio de la Ciudad de los Deportes,Oscar Mejía,Match Report,Leg 1 of 2,2.0,0.0,1
Apertura — Quarter-finals,,Wed,2024-11-27,19:10,Tijuana,3-0,Cruz Azul,25333.0,Estadio Caliente,Fernando Hernández,Match Report,Leg 1 of 2,3.0,0.0,1
Apertura — Quarter-finals,,Thu,2024-11-28,19:00,Atlético San Luis,3-0,UANL,22102.0,Estadio Alfonso Lastras Ramírez,Jesus Lopez,Match Report,Leg 1 of 2,3.0,0.0,1
Apertura — Quarter-finals,,Thu,2024-11-28,21:10,Monterrey,1-0,UNAM,37379.0,Estadio Olímpico de Universitario,Daniel Quintero,Match Report,Leg 1 of 2,1.0,0.0,1
Apertura — Quarter-finals,,Sat,2024-11-30,17:00,Toluca,0-2,América,27273.0,Estadio Nemesio Díez,César Arturo Ramos,Match Report,Leg 2 of 2; América won,0.0,2.0,2
Apertura — Quarter-finals,,Sat,2024-11-30,19:10,Cruz Azul,3-0,Tijuana,24975.0,Estadio de la Ciudad de los Deportes,Víctor Cáceres,Match Report,Leg 2 of 2; Cruz Azul won,3.0,0.0,1
Apertura — Quarter-finals,,Sun,2024-12-01,12:00,UNAM,3-5,Monterrey,37439.0,Estadio Olímpico Universitario de Colima,Marco Antonio Ortíz,Match Report,Leg 2 of 2; Monterrey won,3.0,5.0,2
Apertura — Quarter-finals,,Sun,2024-12-01,19:00,UANL,0-0,Atlético San Luis,40271.0,Estadio Universitario de Nuevo León,Adonai Escobedo,Match Report,Leg 2 of 2; Atlético San Luis won,0.0,0.0,X
Apertura — Semi-finals,,Wed,2024-12-04,21:00,Atlético San Luis,2-1,Monterrey,22803.0,Estadio Alfonso Lastras Ramírez,Fernando Hernández,Match Report,Leg 1 of 2,2.0,1.0,1
Apertura — Semi-finals,,Thu,2024-12-05,20:00,América,0-0,Cruz Azul,29401.0,Estadio de la Ciudad de los Deportes,Oscar Mejía,Match Report,Leg 1 of 2,0.0,0.0,X
Apertura — Semi-finals,,Sat,2024-12-07,20:00,Monterrey,5-1,Atlético San Luis,48606.0,Estadio BBVA Bancomer,Marco Antonio Ortíz,Match Report,Leg 2 of 2; Monterrey won,5.0,1.0,1
Apertura — Semi-finals,,Sun,2024-12-08,19:00,Cruz Azul,3-4,América,29404.0,Estadio de la Ciudad de los Deportes,Adonai Escobedo,Match Report,Leg 2 of 2; América won,3.0,4.0,2
Apertura — Finals,,Thu,2024-12-12,20:00,América,2-1,Monterrey,36933.0,Estadio Cuauhtémoc,Víctor Cáceres,Match Report,Leg 1 of 2,2.0,1.0,1
Apertura — Finals,,Sun,2024-12-15,19:00,Monterrey,1-1,América,52127.0,Estadio BBVA Bancomer,César Arturo Ramos,Match Report,Leg 2 of 2; América won,1.0,1.0,X
Clausura 2025 Regular Season,1.0,Fri,2025-01-10,19:00,Querétaro,0-1,América,28922.0,Estadio La Corregidora,Jesus Lopez,Match Report,,0.0,1.0,2
Clausura 2025 Regular Season,1.0,Fri,2025-01-10,19:05,Tijuana,2-4,Toluca,20633.0,Estadio Caliente,Jorge Camacho,Match Report,,2.0,4.0,2
Clausura 2025 Regular Season,1.0,Fri,2025-01-10,20:00,Atlante,1-1,FC Juárez,9193.0,Estadio El Encanto,Fernando Hernández,Match Report,,1.0,1.0,X
Clausura 2025 Regular Season,1.0,Sat,2025-01-11,17:00,Atlético San Luis,1-3,UANL,16196.0,Estadio Alfonso Lastras Ramírez,Guillermo Pacheco,Match Report,,1.0,3.0,2
Clausura 2025 Regular Season,1.0,Sat,2025-01-11,19:05,Guadalajara,1-0,Santos Laguna,32166.0,Estadio Akron,Daniel Quintero,Match Report,,1.0,0.0,1
Clausura 2025 Regular Season,1.0,Sat,2025-01-11,21:05,Cruz Azul,1-1,Atlas,9732.0,Estadio Olímpico de Universitario,Maximiliano Quintero,Match Report,,1.0,1.0,X
Clausura 2025 Regular Season,1.0,Sun,2025-01-12,12:00,UNAM,2-1,Necaxa,18133.0,Estadio Olímpico de Universitario,Ismael Lopez,Match Report,,2.0,1.0,1
Clausura 2025 Regular Season,1.0,Sun,2025-01-12,19:00,Monterrey,1-1,Puebla,37244.0,Estadio BBVA Bancomer,Luis García,Match Report,,1.0,1.0,X
Clausura 2025 Regular Season,2.0,Thu,2025-01-16,20:10,América,1-1,Tijuana,15499.0,Estadio de la Ciudad de los Deportes,Katia García,Match Report,,1.0,1.0,X
Clausura 2025 Regular Season,2.0,Fri,2025-01-17,19:00,UANL,2-1,Atlante,38310.0,Estadio Universitario de Nuevo León,Oscar Mejía,Match Report,,2.0,1.0,1
Clausura 2025 Regular Season,2.0,Fri,2025-01-17,19:00,Puebla,1-2,Atlético San Luis,14241.0,Estadio Cuauhtémoc,Abraham Quirarte,Match Report,,1.0,2.0,2
Clausura 2025 Regular Season,2.0,Fri,2025-01-17,21:05,Necaxa,3-2,Guadalajara,20706.0,Estadio Victoria de Aguascalientes,Salvador Pérez Villalobos,Match Report,,3.0,2.0,1
Clausura 2025 Regular Season,2.0,Sat,2025-01-18,16:00,FC Juárez,1-0,Cruz Azul,13256.0,Estadio Olímpico Benito Juárez,Iván López,Match Report,,1.0,0.0,1
Clausura 2025 Regular Season,2.0,Sat,2025-01-18,19:00,Toluca,1-1,Monterrey,27273.0,Estadio Nemesio Díez,Fernando Guerrero,Match Report,,1.0,1.0,X
Clausura 2025 Regular Season,2.0,Sat,2025-01-18,21:00,Atlas,1-2,León,25715.0,Estadio Jalisco,César Arturo Ramos,Match Report,,1.0,2.0,2
Clausura 2025 Regular Season,2.0,Sun,2025-01-19,17:00,Querétaro,3-2,UNAM,19098.0,Estadio La Corregidora,Adonai Escobedo,Match Report,,3.0,2.0,1
Clausura 2025 Regular Season,2.0,Mon,2025-01-20,19:00,Pachuca,2-1,Santos Laguna,17097.0,Estadio Hidalgo,Vicente Arce,Match Report,,2.0,1.0,1
Clausura 2025 Regular Season,3.0,Fri,2025-01-24,19:00,Atlético San Luis,0-3,Necaxa,13062.0,Estadio Alfonso Lastras Ramírez,Víctor Cáceres,Match Report,,0.0,3.0,2
Clausura 2025 Regular Season,3.0,Fri,2025-01-24,19:00,Tijuana,2-1,Querétaro,16333.0,Estadio Caliente,Karen Hernández,Match Report,,2.0,1.0,1
Clausura 2025 Regular Season,3.0,Fri,2025-01-24,20:00,Atlante,2-1,Toluca,7951.0,Estadio El Encanto,Adonai Escobedo,Match Report,,2.0,1.0,1
Clausura 2025 Regular Season,3.0,Sat,2025-01-25,17:00,León,1-0,FC Juárez,26614.0,Estadio León,Charles Terrazas,Match Report,,1.0,0.0,1
Clausura 2025 Regular Season,3.0,Sat,2025-01-25,17:00,Cruz Azul,1-1,Puebla,10074.0,Estadio Olímpico de Universitario,Jorge Camacho,Match Report,,1.0,1.0,X
Clausura 2025 Regular Season,3.0,Sat,2025-01-25,19:05,Santos Laguna,1-4,América,21406.0,Estadio Nuevo Corona,Fernando Hernández,Match Report,,1.0,4.0,2
Clausura 2025 Regular Season,3.0,Sat,2025-01-25,19:05,Guadalajara,1-1,UANL,39017.0,Estadio Akron,Jesus Lopez,Match Report,,1.0,1.0,X
Clausura 2025 Regular Season,3.0,Sat,2025-01-25,21:10,Monterrey,2-3,Pachuca,43072.0,Estadio BBVA Bancomer,Guillermo Pacheco,Match Report,,2.0,3.0,2
Clausura 2025 Regular Season,3.0,Sun,2025-01-26,12:00,UNAM,0-0,Atlas,16087.0,Estadio Olímpico de Universitario,Martín Molina,Match Report,,0.0,0.0,X
Clausura 2025 Regular Season,4.0,Tue,2025-01-28,19:00,América,3-0,Atlético San Luis,21306.0,Estadio de la Ciudad de los Deportes,Jorge Camacho,Match Report,,3.0,0.0,1
Clausura 2025 Regular Season,4.0,Tue,2025-01-28,19:00,Puebla,0-1,Atlante,11030.0,Estadio Cuauhtémoc,Daniel Quintero,Match Report,,0.0,1.0,2
Clausura 2025 Regular Season,4.0,Tue,2025-01-28,21:00,UANL,4-0,Tijuana,34668.0,Estadio Universitario de Nuevo León,Iván López,Match Report,,4.0,0.0,1
Clausura 2025 Regular Season,4.0,Tue,2025-01-28,21:00,León,2-1,Guadalajara,26673.0,Estadio León,Oscar Mejía,Match Report,,2.0,1.0,1
Clausura 2025 Regular Season,4.0,Tue,2025-01-28,21:05,Necaxa,1-3,Cruz Azul,16866.0,Estadio Victoria de Aguascalientes,Luis García,Match Report,,1.0,3.0,2
Clausura 2025 Regular Season,4.0,Wed,2025-01-29,19:00,Atlas,3-3,Monterrey,18099.0,Estadio Jalisco,Maximiliano Quintero,Match Report,,3.0,3.0,X
Clausura 2025 Regular Season,4.0,Wed,2025-01-29,19:00,Querétaro,0-1,Pachuca,9635.0,Estadio La Corregidora,Salvador Pérez Villalobos,Match Report,,0.0,1.0,2
Clausura 2025 Regular Season,4.0,Wed,2025-01-29,20:00,FC Juárez,1-0,Santos Laguna,7189.0,Estadio Olímpico Benito Juárez,Abraham Quirarte,Match Report,,1.0,0.0,1
Clausura 2025 Regular Season,4.0,Wed,2025-01-29,21:05,UNAM,1-1,Toluca,17148.0,Estadio Olímpico de Universitario,Óscar Macias,Match Report,,1.0,1.0,X
Clausura 2025 Regular Season,5.0,Fri,2025-01-31,18:00,Atlante,1-2,León,12383.0,Estadio El Encanto,Luis Enrique Santander,Match Report,,1.0,2.0,2
Clausura 2025 Regular Season,5.0,Fri,2025-01-31,19:05,Tijuana,2-3,Cruz Azul,23333.0,Estadio Caliente,Charles Terrazas,Match Report,,2.0,3.0,2
Clausura 2025 Regular Season,5.0,Sat,2025-02-01,17:00,América,4-0,FC Juárez,27623.0,Estadio de la Ciudad de los Deportes,César Arturo Ramos,Match Report,,4.0,0.0,1
Clausura 2025 Regular Season,5.0,Sat,2025-02-01,17:05,Guadalajara,1-1,Querétaro,32087.0,Estadio Akron,Ismael Lopez,Match Report,,1.0,1.0,X
Clausura 2025 Regular Season,5.0,Sat,2025-02-01,19:00,Pachuca,0-0,Atlas,14479.0,Estadio Hidalgo,Jesus Lopez,Match Report,,0.0,0.0,X
Clausura 2025 Regular Season,5.0,Sat,2025-02-01,19:05,Monterrey,1-0,Necaxa,44471.0,Estadio BBVA Bancomer,Marco Antonio Ortíz,Match Report,,1.0,0.0,1
Clausura 2025 Regular Season,5.0,Sat,2025-02-01,21:15,Toluca,1-0,UANL,27273.0,Estadio Nemesio Díez,Fernando Hernández,Match Report,,1.0,0.0,1
Clausura 2025 Regular Season,5.0,Sun,2025-02-02,17:00,Santos Laguna,0-2,Puebla,11311.0,Estadio Nuevo Corona,Víctor Cáceres,Match Report,,0.0,2.0,2
Clausura 2025 Regular Season,5.0,Sun,2025-02-02,19:00,Atlético San Luis,2-3,UNAM,18905.0,Estadio Alfonso Lastras Ramírez,Daniel Quintero,Match Report,,2.0,3.0,2
Clausura 2025 Regular Season,1.0,Wed,2025-02-05,21:10,Pachuca,1-2,León,21224.0,Estadio Hidalgo,Adonai Escobedo,Match Report,,1.0,2.0,2
Clausura 2025 Regular Season,6.0,Fri,2025-02-07,19:00,Querétaro,1-0,Atlético San Luis,8173.0,Estadio La Corregidora,Vicente Arce,Match Report,,1.0,0.0,1
Clausura 2025 Regular Season,6.0,Fri,2025-02-07,19:00,Necaxa,3-2,Santos Laguna,15639.0,Estadio Victoria de Aguascalientes,Daniel Quintero,Match Report,,3.0,2.0,1
Clausura 2025 Regular Season,6.0,Fri,2025-02-07,21:00,Puebla,1-2,América,36335.0,Estadio Cuauhtémoc,Ismael Lopez,Match Report,,1.0,2.0,2
Clausura 2025 Regular Season,6.0,Sat,2025-02-08,19:00,UANL,2-1,Atlas,39454.0,Estadio Universitario de Nuevo León,Adonai Escobedo,Match Report,,2.0,1.0,1
Clausura 2025 Regular Season,6.0,Sat,2025-02-08,19:00,León,3-3,Toluca,25425.0,Estadio León,Marco Antonio Ortíz,Match Report,,3.0,3.0,X
Clausura 2025 Regular Season,6.0,Sat,2025-02-08,20:00,FC Juárez,2-1,Monterrey,8785.0,Estadio Olímpico Benito Juárez,Luis Enrique Santander,Match Report,,2.0,1.0,1
Clausura 2025 Regular Season,6.0,Sat,2025-02-08,21:05,Cruz Azul,2-1,Pachuca,10733.0,Estadio Olímpico de Universitario,César Arturo Ramos,Match Report,,2.0,1.0,1
Clausura 2025 Regular Season,6.0,Sun,2025-02-09,18:00,UNAM,1-0,Atlante,8845.0,Estadio Olímpico de Universitario,Víctor Cáceres,Match Report,,1.0,0.0,1
Clausura 2025 Regular Season,6.0,Sun,2025-02-09,21:05,Guadalajara,2-1,Tijuana,24483.0,Estadio Akron,Fernando Hernández,Match Report,,2.0,1.0,1
Clausura 2025 Regular Season,7.0,Fri,2025-02-14,19:00,Tijuana,1-2,FC Juárez,12233.0,Estadio Caliente,Guillermo Pacheco,Match Report,,1.0,2.0,2
Clausura 2025 Regular Season,7.0,Fri,2025-02-14,20:00,Atlante,1-1,Santos Laguna,7274.0,Estadio El Encanto,Marco Antonio Ortíz,Match Report,,1.0,1.0,X
Clausura 2025 Regular Season,7.0,Fri,2025-02-14,21:00,América,2-3,Necaxa,25753.0,Estadio de la Ciudad de los Deportes,Oscar Mejía,Match Report,,2.0,3.0,2
Clausura 2025 Regular Season,7.0,Sat,2025-02-15,17:00,Atlas,3-2,Puebla,16083.0,Estadio Jalisco,Luis Enrique Santander,Match Report,,3.0,2.0,1
Clausura 2025 Regular Season,7.0,Sat,2025-02-15,19:00,UANL,2-1,Cruz Azul,41615.0,Estadio Universitario de Nuevo León,Víctor Cáceres,Match Report,,2.0,1.0,1
Clausura 2025 Regular Season,7.0,Sat,2025-02-15,21:10,Toluca,2-1,Guadalajara,27273.0,Estadio Nemesio Díez,Jesus Lopez,Match Report,,2.0,1.0,1
Clausura 2025 Regular Season,7.0,Sun,2025-02-16,17:00,Querétaro,2-4,Monterrey,17494.0,Estadio La Corregidora,Fernando Hernández,Match Report,,2.0,4.0,2
Clausura 2025 Regular Season,7.0,Sun,2025-02-16,19:00,Atlético San Luis,1-2,León,21212.0,Estadio Alfonso Lastras Ramírez,Maximiliano Quintero,Match Report,,1.0,2.0,2
Clausura 2025 Regular Season,7.0,Sun,2025-02-16,19:05,Pachuca,2-1,UNAM,12069.0,Estadio Hidalgo,Katia García,Match Report,,2.0,1.0,1
Clausura 2025 Regular Season,9.0,Tue,2025-02-18,21:10,Atlas,0-4,Necaxa,16031.0,Estadio Jalisco,Víctor Cáceres,Match Report,,0.0,4.0,2
Clausura 2025 Regular Season,9.0,Wed,2025-02-19,19:00,América,1-1,León,29593.0,Estadio de la Ciudad de los Deportes,César Arturo Ramos,Match Report,,1.0,1.0,X
Clausura 2025 Regular Season,9.0,Wed,2025-02-19,21:05,Santos Laguna,0-1,Cruz Azul,14020.0,Estadio Nuevo Corona,Jesus Lopez,Match Report,,0.0,1.0,2
Clausura 2025 Regular Season,8.0,Fri,2025-02-21,19:00,Necaxa,3-1,Atlante,17268.0,Estadio Victoria de Aguascalientes,Ismael Lopez,Match Report,,3.0,1.0,1
Clausura 2025 Regular Season,8.0,Fri,2025-02-21,21:00,Puebla,2-0,Tijuana,13050.0,Estadio Cuauhtémoc,Marco Antonio Ortíz,Match Report,,2.0,0.0,1
Clausura 2025 Regular Season,8.0,Sat,2025-02-22,16:00,FC Juárez,0-4,Toluca,9572.0,Estadio Olímpico Benito Juárez,Adonai Escobedo,Match Report,,0.0,4.0,2
Clausura 2025 Regular Season,8.0,Sat,2025-02-22,19:00,León,1-0,UANL,25186.0,Estadio León,Oscar Mejía,Match Report,,1.0,0.0,1
Clausura 2025 Regular Season,8.0,Sat,2025-02-22,19:00,Monterrey,3-1,Atlético San Luis,50023.0,Estadio BBVA Bancomer,Daniel Quintero,Match Report,,3.0,1.0,1
Clausura 2025 Regular Season,8.0,Sat,2025-02-22,19:05,Guadalajara,2-1,Pachuca,34690.0,Estadio Akron,Guillermo Pacheco,Match Report,,2.0,1.0,1
Clausura 2025 Regular Season,8.0,Sat,2025-02-22,21:05,UNAM,0-2,América,38246.0,Estadio Olímpico de Universitario,Fernando Hernández,Match Report,,0.0,2.0,2
Clausura 2025 Regular Season,8.0,Sun,2025-02-23,17:00,Santos Laguna,2-0,Atlas,11655.0,Estadio Nuevo Corona,Maximiliano Quintero,Match Report,,2.0,0.0,1
Clausura 2025 Regular Season,8.0,Sun,2025-02-23,19:05,Cruz Azul,1-0,Querétaro,11477.0,Estadio Olímpico de Universitario,Jorge Camacho,Match Report,,1.0,0.0,1
Clausura 2025 Regular Season,9.0,Tue,2025-02-25,19:00,UANL,0-1,FC Juárez,31651.0,Estadio Universitario de Nuevo León,Daniel Quintero,Match Report,,0.0,1.0,2
Clausura 2025 Regular Season,9.0,Tue,2025-02-25,19:10,Tijuana,4-2,UNAM,20133.0,Estadio Caliente,Salvador Pérez Villalobos,Match Report,,4.0,2.0,1
Clausura 2025 Regular Season,9.0,Tue,2025-02-25,20:00,Atlante,1-0,Monterrey,10473.0,Estadio El Encanto,Abraham Quirarte,Match Report,,1.0,0.0,1
Clausura 2025 Regular Season,9.0,Wed,2025-02-26,19:00,Pachuca,2-1,Puebla,10042.0,Estadio Hidalgo,Charles Terrazas,Match Report,,2.0,1.0,1
Clausura 2025 Regular Season,9.0,Wed,2025-02-26,21:00,Toluca,5-0,Querétaro,24163.0,Estadio Nemesio Díez,Martín Molina,Match Report,,5.0,0.0,1
Clausura 2025 Regular Season,9.0,Wed,2025-02-26,21:05,Atlético San Luis,3-1,Guadalajara,22529.0,Estadio Alfonso Lastras Ramírez,Ismael Lopez,Match Report,,3.0,1.0,1
Clausura 2025 Regular Season,10.0,Fri,2025-02-28,20:00,Atlante,1-1,Cruz Azul,12207.0,Estadio El Encanto,Luis García,Match Report,,1.0,1.0,X
Clausura 2025 Regular Season,10.0,Sat,2025-03-01,16:00,FC Juárez,2-2,Pachuca,6652.0,Estadio Olímpico Benito Juárez,Luis Enrique Santander,Match Report,,2.0,2.0,X
Clausura 2025 Regular Season,10.0,Sat,2025-03-01,17:00,América,3-0,Toluca,29222.0,Estadio de la Ciudad de los Deportes,Jesus Lopez,Match Report,,3.0,0.0,1
Clausura 2025 Regular Season,10.0,Sat,2025-03-01,19:00,León,2-1,Tijuana,25552.0,Estadio León,Ismael Lopez,Match Report,,2.0,1.0,1
Clausura 2025 Regular Season,10.0,Sat,2025-03-01,19:05,Necaxa,1-2,UANL,19060.0,Estadio Victoria de Aguascalientes,Guillermo Pacheco,Match Report,,1.0,2.0,2
Clausura 2025 Regular Season,10.0,Sat,2025-03-01,21:10,UNAM,0-1,Guadalajara,33980.0,Estadio Olímpico de Universitario,Daniel Quintero,Match Report,,0.0,1.0,2
Clausura 2025 Regular Season,10.0,Sun,2025-03-02,16:00,Querétaro,2-0,Puebla,8489.0,Estadio La Corregidora,César Arturo Ramos,Match Report,,2.0,0.0,1
Clausura 2025 Regular Season,10.0,Sun,2025-03-02,18:00,Atlas,3-1,Atlético San Luis,16331.0,Estadio Jalisco,Jorge Camacho,Match Report,,3.0,1.0,1
Clausura 2025 Regular Season,10.0,Sun,2025-03-02,20:05,Monterrey,4-2,Santos Laguna,46665.0,Estadio BBVA Bancomer,Adonai Escobedo,Match Report,,4.0,2.0,1
Clausura 2025 Regular Season,11.0,Fri,2025-03-07,19:00,Atlético San Luis,1-0,FC Juárez,11807.0,Estadio Alfonso Lastras Ramírez,Marco Antonio Ortíz,Match Report,,1.0,0.0,1
Clausura 2025 Regular Season,11.0,Fri,2025-03-07,19:00,UANL,1-0,Querétaro,40297.0,Estadio Universitario de Nuevo León,Iván López,Match Report,,1.0,0.0,1
Clausura 2025 Regular Season,11.0,Fri,2025-03-07,21:00,Puebla,1-3,UNAM,20140.0,Estadio Cuauhtémoc,Víctor Cáceres,Match Report,,1.0,3.0,2
Clausura 2025 Regular Season,11.0,Sat,2025-03-08,17:00,Toluca,5-2,Necaxa,27273.0,Estadio Nemesio Díez,Katia García,Match Report,,5.0,2.0,1
Clausura 2025 Regular Season,11.0,Sat,2025-03-08,19:00,Pachuca,1-1,Atlante,13335.0,Estadio Hidalgo,Maximiliano Quintero,Match Report,,1.0,1.0,X
Clausura 2025 Regular Season,11.0,Sat,2025-03-08,19:05,Cruz Azul,1-1,Monterrey,22895.0,Estadio Olímpico de Universitario,Oscar Mejía,Match Report,,1.0,1.0,X
Clausura 2025 Regular Season,11.0,Sat,2025-03-08,21:05,Guadalajara,0-0,América,41003.0,Estadio Akron,Adonai Escobedo,Match Report,,0.0,0.0,X
Clausura 2025 Regular Season,11.0,Sun,2025-03-09,17:00,Santos Laguna,2-1,León,23111.0,Estadio Nuevo Corona,Guillermo Pacheco,Match Report,,2.0,1.0,1
Clausura 2025 Regular Season,11.0,Sun,2025-03-09,20:00,Tijuana,3-4,Atlas,17633.0,Estadio Caliente,Fernando Hernández,Match Report,,3.0,4.0,2
Clausura 2025 Regular Season,12.0,Fri,2025-03-14,19:00,Necaxa,2-1,León,20501.0,Estadio Victoria de Aguascalientes,Marco Antonio Ortíz,Match Report,,2.0,1.0,1
Clausura 2025 Regular Season,12.0,Fri,2025-03-14,19:00,Querétaro,1-0,Atlante,9871.0,Estadio La Corregidora,Luis Enrique Santander,Match Report,,1.0,0.0,1
Clausura 2025 Regular Season,12.0,Fri,2025-03-14,21:05,Puebla,0-3,Toluca,15920.0,Estadio Cuauhtémoc,Salvador Pérez Villalobos,Match Report,,0.0,3.0,2
Clausura 2025 Regular Season,12.0,Sat,2025-03-15,17:00,UANL,3-0,Santos Laguna,40133.0,Estadio Universitario de Nuevo León,César Arturo Ramos,Match Report,,3.0,0.0,1
Clausura 2025 Regular Season,12.0,Sat,2025-03-15,19:00,Cruz Azul,3-0,Atlético San Luis,15933.0,Estadio Olímpico de Universitario,Víctor Cáceres,Match Report,,3.0,0.0,1
Clausura 2025 Regular Season,12.0,Sat,2025-03-15,19:10,FC Juárez,1-1,Guadalajara,19124.0,Estadio Olímpico Benito Juárez,Fernando Hernández,Match Report,,1.0,1.0,X
Clausura 2025 Regular Season,12.0,Sat,2025-03-15,21:05,Atlas,1-3,América,34787.0,Estadio Jalisco,Oscar Mejía,Match Report,,1.0,3.0,2
Clausura 2025 Regular Season,12.0,Sun,2025-03-16,18:00,UNAM,1-3,Monterrey,34350.0,Estadio Olímpico de Universitario,Ismael Lopez,Match Report,,1.0,3.0,2
Clausura 2025 Regular Season,12.0,Sun,2025-03-16,20:00,Pachuca,4-1,Tijuana,12158.0,Estadio Hidalgo,Jorge Camacho,Match Report,,4.0,1.0,1
Clausura 2025 Regular Season,13.0,Fri,2025-03-28,19:00,Necaxa,2-0,Querétaro,19029.0,Estadio Victoria de Aguascalientes,Abraham Quirarte,Match Report,,2.0,0.0,1
Clausura 2025 Regular Season,13.0,Fri,2025-03-28,20:00,Atlante,3-2,Atlas,10166.0,Estadio El Encanto,César Arturo Ramos,Match Report,,3.0,2.0,1
Clausura 2025 Regular Season,13.0,Sat,2025-03-29,17:00,Toluca,3-2,Pachuca,27273.0,Estadio Nemesio Díez,Marco Antonio Ortíz,Match Report,,3.0,2.0,1
Clausura 2025 Regular Season,13.0,Sat,2025-03-29,17:00,FC Juárez,2-0,Puebla,6315.0,Estadio Olímpico Benito Juárez,Daniel Quintero,Match Report,,2.0,0.0,1
Clausura 2025 Regular Season,13.0,Sat,2025-03-29,19:05,América,3-0,UANL,29397.0,Estadio de la Ciudad de los Deportes,Víctor Cáceres,Match Report,,3.0,0.0,1
Clausura 2025 Regular Season,13.0,Sat,2025-03-29,21:05,Guadalajara,0-1,Cruz Azul,30415.0,Estadio Jalisco,Jesus Lopez,Match Report,,0.0,1.0,2
Clausura 2025 Regular Season,13.0,Sat,2025-03-29,21:10,Monterrey,1-2,Tijuana,43514.0,Estadio BBVA Bancomer,Luis Enrique Santander,Match Report,,1.0,2.0,2
Clausura 2025 Regular Season,13.0,Sun,2025-03-30,17:00,Santos Laguna,2-3,Atlético San Luis,12155.0,Estadio Nuevo Corona,Katia García,Match Report,,2.0,3.0,2
Clausura 2025 Regular Season,13.0,Sun,2025-03-30,19:05,León,1-2,UNAM,25571.0,Estadio León,Adonai Escobedo,Match Report,,1.0,2.0,2
Clausura 2025 Regular Season,14.0,Fri,2025-04-04,19:00,Querétaro,1-1,León,17770.0,Estadio La Corregidora,Maximiliano Quintero,Match Report,,1.0,1.0,X
Clausura 2025 Regular Season,14.0,Fri,2025-04-04,20:00,Tijuana,1-2,Necaxa,20333.0,Estadio Caliente,Oscar Mejía,Match Report,,1.0,2.0,2
Clausura 2025 Regular Season,14.0,Fri,2025-04-04,21:05,Puebla,0-0,UANL,14065.0,Estadio Cuauhtémoc,Jorge Camacho,Match Report,,0.0,0.0,X
Clausura 2025 Regular Season,14.0,Sat,2025-04-05,17:00,Atlas,1-1,FC Juárez,14312.0,Estadio Jalisco,Adonai Escobedo,Match Report,,1.0,1.0,X
Clausura 2025 Regular Season,14.0,Sat,2025-04-05,17:00,Pachuca,1-0,América,22186.0,Estadio Hidalgo,Fernando Hernández,Match Report,,1.0,0.0,1
Clausura 2025 Regular Season,14.0,Sat,2025-04-05,19:00,Atlético San Luis,2-1,Atlante,12154.0,Estadio Alfonso Lastras Ramírez,Jesus Lopez,Match Report,,2.0,1.0,1
Clausura 2025 Regular Season,14.0,Sat,2025-04-05,19:05,Monterrey,3-1,Guadalajara,44481.0,Estadio BBVA Bancomer,Guillermo Pacheco,Match Report,,3.0,1.0,1
Clausura 2025 Regular Season,14.0,Sat,2025-04-05,21:10,Cruz Azul,3-2,UNAM,37561.0,Estadio Cuauhtémoc,Daniel Quintero,Match Report,,3.0,2.0,1
Clausura 2025 Regular Season,14.0,Sun,2025-04-06,18:00,Toluca,2-1,Santos Laguna,27273.0,Estadio Nemesio Díez,Luis Enrique Santander,Match Report,,2.0,1.0,1
Clausura 2025 Regular Season,15.0,Thu,2025-04-10,19:05,Tijuana,2-1,Atlético San Luis,12333.0,Estadio Caliente,Charles Terrazas,Match Report,,2.0,1.0,1
Clausura 2025 Regular Season,15.0,Fri,2025-04-11,19:00,Necaxa,3-5,Pachuca,18292.0,Estadio Victoria de Aguascalientes,Jesus Lopez,Match Report,,3.0,5.0,2
Clausura 2025 Regular Season,15.0,Fri,2025-04-11,20:05,Atlante,1-1,Guadalajara,14945.0,Estadio El Encanto,Fernando Hernández,Match Report,,1.0,1.0,X
Clausura 2025 Regular Season,15.0,Sat,2025-04-12,17:00,León,1-0,Puebla,25437.0,Estadio León,Luis Enrique Santander,Match Report,,1.0,0.0,1
Clausura 2025 Regular Season,15.0,Sat,2025-04-12,17:00,UNAM,0-0,FC Juárez,10542.0,Estadio Olímpico de Universitario,Guillermo Pacheco,Match Report,,0.0,0.0,X
Clausura 2025 Regular Season,15.0,Sat,2025-04-12,19:00,Atlas,2-3,Toluca,19256.0,Estadio Jalisco,Daniel Quintero,Match Report,,2.0,3.0,2
Clausura 2025 Regular Season,15.0,Sat,2025-04-12,19:00,UANL,2-1,Monterrey,41615.0,Estadio Universitario de Nuevo León,Marco Antonio Ortíz,Match Report,,2.0,1.0,1
Clausura 2025 Regular Season,15.0,Sat,2025-04-12,21:15,América,0-0,Cruz Azul,24520.0,Estadio de la Ciudad de los Deportes,César Arturo Ramos,Match Report,,0.0,0.0,X
Clausura 2025 Regular Season,15.0,Sun,2025-04-13,17:00,Santos Laguna,1-2,Querétaro,10255.0,Estadio Nuevo Corona,Víctor Cáceres,Match Report,,1.0,2.0,2
Clausura 2025 Regular Season,16.0,Tue,2025-04-15,19:00,Pachuca,0-0,UANL,20636.0,Estadio Hidalgo,César Arturo Ramos,Match Report,,0.0,0.0,X
Clausura 2025 Regular Season,16.0,Tue,2025-04-15,19:05,Guadalajara,1-0,Puebla,29068.0,Estadio Akron,Katia García,Match Report,,1.0,0.0,1
Clausura 2025 Regular Season,16.0,Tue,2025-04-15,21:00,FC Juárez,2-2,Necaxa,10704.0,Estadio Olímpico Benito Juárez,Jorge Camacho,Match Report,,2.0,2.0,X
Clausura 2025 Regular Season,16.0,Tue,2025-04-15,21:05,Cruz Azul,2-1,León,37348.0,Estadio Olímpico de Universitario,Oscar Mejía,Match Report,,2.0,1.0,1
Clausura 2025 Regular Season,16.0,Wed,2025-04-16,19:00,Monterrey,1-0,América,49098.0,Estadio BBVA Bancomer,Daniel Quintero,Match Report,,1.0,0.0,1
Clausura 2025 Regular Season,16.0,Wed,2025-04-16,19:00,Querétaro,1-2,Atlas,10721.0,Estadio La Corregidora,Marco Antonio Ortíz,Match Report,,1.0,2.0,2
Clausura 2025 Regular Season,16.0,Wed,2025-04-16,20:00,Atlético San Luis,0-1,Toluca,16709.0,Estadio Alfonso Lastras Ramírez,Maximiliano Quintero,Match Report,,0.0,1.0,2
Clausura 2025 Regular Season,16.0,Wed,2025-04-16,20:00,Atlante,0-2,Tijuana,11323.0,Estadio El Encanto,Víctor Cáceres,Match Report,,0.0,2.0,2
Clausura 2025 Regular Season,16.0,Wed,2025-04-16,21:05,UNAM,2-0,Santos Laguna,13230.0,Estadio Olímpico de Universitario,Adonai Escobedo,Match Report,,2.0,0.0,1
Clausura 2025 Regular Season,17.0,Fri,2025-04-18,19:00,Puebla,0-1,Necaxa,13225.0,Estadio Cuauhtémoc,Guillermo Pacheco,Match Report,,0.0,1.0,2
Clausura 2025 Regular Season,17.0,Sat,2025-04-19,17:00,América,5-0,Atlante,28252.0,Estadio de la Ciudad de los Deportes,Katia García,Match Report,,5.0,0.0,1
Clausura 2025 Regular Season,17.0,Sat,2025-04-19,19:05,Toluca,2-2,Cruz Azul,27263.0,Estadio Nemesio Díez,Luis Enrique Santander,Match Report,,2.0,2.0,X
Clausura 2025 Regular Season,17.0,Sat,2025-04-19,21:00,UANL,2-1,UNAM,38276.0,Estadio Universitario de Nuevo León,César Arturo Ramos,Match Report,,2.0,1.0,1
Clausura 2025 Regular Season,17.0,Sat,2025-04-19,21:15,Atlas,1-1,Guadalajara,27504.0,Estadio Jalisco,Víctor Cáceres,Match Report,,1.0,1.0,X
Clausura 2025 Regular Season,17.0,Sun,2025-04-20,17:00,Santos Laguna,0-4,Tijuana,8585.0,Estadio Nuevo Corona,Marco Antonio Ortíz,Match Report,,0.0,4.0,2
Clausura 2025 Regular Season,17.0,Sun,2025-04-20,19:00,Atlético San Luis,2-1,Pachuca,10715.0,Estadio Alfonso Lastras Ramírez,Abraham Quirarte,Match Report,,2.0,1.0,1
Clausura 2025 Regular Season,17.0,Sun,2025-04-20,19:05,León,0-2,Monterrey,26510.0,Estadio León,Adonai Escobedo,Match Report,,0.0,2.0,2
Clausura 2025 Regular Season,17.0,Sun,2025-04-20,21:00,FC Juárez,0-2,Querétaro,6525.0,Estadio Olímpico Benito Juárez,Daniel Quintero,Match Report,,0.0,2.0,2
Clausura — 9/10 match,,Sun,2025-04-27,17:00,FC Juárez, 1-1 ,UNAM,11074.0,Estadio Olímpico Benito Juárez,Víctor Cáceres,Match Report,UNAM won a penalty shoot-out following extra time,1.0,1.0,X
Clausura — 7-seed match,,Sun,2025-04-27,19:30,Monterrey,1-2,Pachuca,48353.0,Estadio BBVA Bancomer,Luis Enrique Santander,Match Report,,1.0,2.0,2
Clausura — 8-seed match,,Sun,2025-05-04,19:30,Monterrey,2-0,UNAM,47715.0,Estadio BBVA Bancomer,Adonai Escobedo,Match Report,,2.0,0.0,1
Clausura — Quarter-finals,,Wed,2025-05-07,19:00,Monterrey,3-2,Toluca,38647.0,Estadio BBVA Bancomer,Guillermo Pacheco,Match Report,Leg 1 of 2,3.0,2.0,1
Clausura — Quarter-finals,,Wed,2025-05-07,21:10,Pachuca,0-0,América,13925.0,Estadio Hidalgo,Jesus Lopez,Match Report,Leg 1 of 2,0.0,0.0,X
Clausura — Quarter-finals,,Thu,2025-05-08,19:00,Necaxa,0-0,UANL,20641.0,Estadio Victoria de Aguascalientes,Oscar Mejía,Match Report,Leg 1 of 2,0.0,0.0,X
Clausura — Quarter-finals,,Thu,2025-05-08,21:10,León,2-3,Cruz Azul,13667.0,Estadio León,César Arturo Ramos,Match Report,Leg 1 of 2,2.0,3.0,2
Clausura — Quarter-finals,,Sat,2025-05-10,19:00,Toluca,2-1,Monterrey,27273.0,Estadio Nemesio Díez,Fernando Hernández,Match Report,Leg 2 of 2; Toluca won,2.0,1.0,1
Clausura — Quarter-finals,,Sat,2025-05-10,21:10,América,2-0,Pachuca,25417.0,Estadio de la Ciudad de los Deportes,Diana Pérez,Match Report,Leg 2 of 2; América won,2.0,0.0,1
Clausura — Quarter-finals,,Sun,2025-05-11,19:00,Cruz Azul,2-1,León,20577.0,Estadio Olímpico de Universitario,Víctor Cáceres,Match Report,Leg 2 of 2; Cruz Azul won,2.0,1.0,1
Clausura — Quarter-finals,,Sun,2025-05-11,21:10,UANL,2-2,Necaxa,39268.0,Estadio Universitario de Nuevo León,Marco Antonio Ortíz,Match Report,Leg 2 of 2; UANL won,2.0,2.0,X
Clausura — Semi-finals,,Wed,2025-05-14,21:00,UANL,1-1,Toluca,41615.0,Estadio Universitario de Nuevo León,Adonai Escobedo,Match Report,Leg 1 of 2,1.0,1.0,X
Clausura — Semi-finals,,Thu,2025-05-15,20:00,Cruz Azul,1-0,América,34951.0,Estadio Olímpico de Universitario,Luis Enrique Santander,Match Report,Leg 1 of 2,1.0,0.0,1
Clausura — Semi-finals,,Sat,2025-05-17,19:00,Toluca,3-0,UANL,27273.0,Estadio Nemesio Díez,Fernando Hernández,Match Report,Leg 2 of 2; Toluca won,3.0,0.0,1
Clausura — Semi-finals,,Sun,2025-05-18,19:15,América,2-1,Cruz Azul,30872.0,Estadio de la Ciudad de los Deportes,Víctor Cáceres,Match Report,Leg 2 of 2; América won,2.0,1.0,1
Clausura — Finals,,Thu,2025-05-22,20:00,América,0-0,Toluca,30406.0,Estadio de la Ciudad de los Deportes,Daniel Quintero,Match Report,Leg 1 of 2,0.0,0.0,X
Clausura — Finals,,Sun,2025-05-25,19:00,Toluca,2-0,América,27273.0,Estadio Nemesio Díez,César Arturo Ramos,Match Report,Leg 2 of 2; Toluca won,2.0,0.0,1
Apertura 2025 Regular Season,1.0,Fri,2025-07-11,19:00,Puebla,2-3,Atlas,11433.0,Estadio Cuauhtémoc,Charles Terrazas,Match Report,,2.0,3.0,2
Apertura 2025 Regular Season,1.0,Fri,2025-07-11,20:05,Tijuana,1-0,Querétaro,18333.0,Estadio Caliente,Vicente Arce,Match Report,,1.0,0.0,1
Apertura 2025 Regular Season,1.0,Fri,2025-07-11,21:00,FC Juárez,1-1,América,18098.0,Estadio Olímpico Benito Juárez,Ismael Lopez,Match Report,,1.0,1.0,X
Apertura 2025 Regular Season,1.0,Sat,2025-07-12,19:00,Santos Laguna,3-0,UNAM,11508.0,Estadio Nuevo Corona,Yonatan Peinado Aguirre,Match Report,,3.0,0.0,1
Apertura 2025 Regular Season,1.0,Sat,2025-07-12,19:00,Toluca,3-1,Necaxa,20273.0,Estadio Nemesio Díez,Fernando Hernández,Match Report,,3.0,1.0,1
Apertura 2025 Regular Season,1.0,Sat,2025-07-12,21:05,Cruz Azul,0-0,Atlante,20098.0,Estadio Olímpico de Universitario,Maximiliano Quintero,Match Report,,0.0,0.0,X
Apertura 2025 Regular Season,1.0,Sun,2025-07-13,17:00,Pachuca,3-0,Monterrey,13915.0,Estadio Hidalgo,Víctor Cáceres,Match Report,,3.0,0.0,1
Apertura 2025 Regular Season,1.0,Sun,2025-07-13,19:00,León,0-1,Atlético San Luis,21957.0,Estadio León,Abraham Quirarte,Match Report,,0.0,1.0,2
Apertura 2025 Regular Season,2.0,Wed,2025-07-16,19:00,América,3-1,Tijuana,30247.0,Estadio de la Ciudad de los Deportes,Marco Antonio Ortíz,Match Report,,3.0,1.0,1
Apertura 2025 Regular Season,2.0,Wed,2025-07-16,21:05,Santos Laguna,2-4,Toluca,29101.0,Estadio Nuevo Corona,Salvador Pérez Villalobos,Match Report,,2.0,4.0,2
Apertura 2025 Regular Season,2.0,Fri,2025-07-18,19:00,Necaxa,3-1,Querétaro,19100.0,Estadio Victoria de Aguascalientes,Martín Molina,Match Report,,3.0,1.0,1
Apertura 2025 Regular Season,2.0,Fri,2025-07-18,20:05,Atlante,2-1,Puebla,8703.0,Estadio El Encanto,Katia García,Match Report,,2.0,1.0,1
Apertura 2025 Regular Season,2.0,Fri,2025-07-18,21:00,Atlético San Luis,0-1,Monterrey,16930.0,Estadio Alfonso Lastras Ramírez,Joaquín Vizcarra Armenta,Match Report,,0.0,1.0,2
Apertura 2025 Regular Season,2.0,Sat,2025-07-19,19:00,UANL,1-0,FC Juárez,41615.0,Estadio Universitario de Nuevo León,Iván López,Match Report,,1.0,0.0,1
Apertura 2025 Regular Season,2.0,Sat,2025-07-19,19:00,León,1-0,Guadalajara,22185.0,Estadio León,Adonai Escobedo,Match Report,,1.0,0.0,1
Apertura 2025 Regular Season,2.0,Sat,2025-07-19,21:05,Atlas,3-3,Cruz Azul,25098.0,Estadio Jalisco,Luis Enrique Santander,Match Report,,3.0,3.0,X
Apertura 2025 Regular Season,2.0,Sun,2025-07-20,12:00,UNAM,2-3,Pachuca,24277.0,Estadio Olímpico de Universitario,Luis García,Match Report,,2.0,3.0,2
Apertura 2025 Regular Season,3.0,Fri,2025-07-25,19:00,Puebla,1-0,Santos Laguna,13250.0,Estadio Cuauhtémoc,Jorge Camacho,Match Report,,1.0,0.0,1
Apertura 2025 Regular Season,3.0,Fri,2025-07-25,19:00,Querétaro,0-2,UNAM,23432.0,Estadio La Corregidora,Charles Terrazas,Match Report,,0.0,2.0,2
Apertura 2025 Regular Season,3.0,Fri,2025-07-25,20:00,Tijuana,1-1,FC Juárez,18133.0,Estadio Caliente,Joaquín Vizcarra Armenta,Match Report,,1.0,1.0,X
Apertura 2025 Regular Season,3.0,Sat,2025-07-26,17:00,Pachuca,1-0,Atlante,11747.0,Estadio Hidalgo,Karen Hernández,Match Report,,1.0,0.0,1
Apertura 2025 Regular Season,3.0,Sat,2025-07-26,17:07,Guadalajara,4-3,Atlético San Luis,38832.0,Estadio Akron,César Arturo Ramos,Match Report,,4.0,3.0,1
Apertura 2025 Regular Season,3.0,Sat,2025-07-26,19:00,Monterrey,3-1,Atlas,41160.0,Estadio BBVA,Fernando Hernández,Match Report,,3.0,1.0,1
Apertura 2025 Regular Season,3.0,Sat,2025-07-26,19:00,Cruz Azul,4-1,León,20094.0,Estadio Olímpico de Universitario,Daniel Quintero,Match Report,,4.0,1.0,1
Apertura 2025 Regular Season,3.0,Sat,2025-07-26,19:00,Toluca,3-4,UANL,27273.0,Estadio Nemesio Díez,Marco Antonio Ortíz,Match Report,,3.0,4.0,2
Apertura 2025 Regular Season,3.0,Sat,2025-07-26,21:05,Necaxa,1-1,América,20586.0,Estadio Victoria de Aguascalientes,Jesús López,Match Report,,1.0,1.0,X
Apertura 2025 Regular Season,4.0,Fri,2025-08-08,21:00,UANL,7-0,Puebla,10023.0,Estadio Universitario de Nuevo León,Yonatan Peinado Aguirre,Match Report,,7.0,0.0,1
Apertura 2025 Regular Season,4.0,Sat,2025-08-09,19:00,América,1-0,Querétaro,23701.0,Estadio de la Ciudad de los Deportes,Adonai Escobedo,Match Report,,1.0,0.0,1
Apertura 2025 Regular Season,4.0,Sat,2025-08-09,20:00,Atlante,2-2,Tijuana,9747.0,Estadio El Encanto,Maximiliano Quintero,Match Report,,2.0,2.0,X
Apertura 2025 Regular Season,4.0,Sat,2025-08-09,21:05,Atlas,0-3,Pachuca,16773.0,Estadio Jalisco,Daniel Quintero,Match Report,,0.0,3.0,2
Apertura 2025 Regular Season,4.0,Sun,2025-08-10,18:00,UNAM,1-1,Necaxa,34108.0,Estadio Olímpico de Universitario,Guillermo Pacheco,Match Report,,1.0,1.0,X
Apertura 2025 Regular Season,4.0,Sun,2025-08-10,20:05,Santos Laguna,1-0,Guadalajara,16155.0,Estadio Nuevo Corona,Ismael López,Match Report,,1.0,0.0,1
Apertura 2025 Regular Season,4.0,Mon,2025-08-11,19:00,León,1-3,Monterrey,23057.0,Estadio León,Luis Enrique Santander,Match Report,,1.0,3.0,2
Apertura 2025 Regular Season,4.0,Mon,2025-08-11,21:00,FC Juárez,0-2,Toluca,7793.0,Estadio Olímpico Benito Juárez,Katia García,Match Report,,0.0,2.0,2
Apertura 2025 Regular Season,4.0,Mon,2025-08-11,21:05,Atlético San Luis,1-2,Cruz Azul,19335.0,Estadio Alfonso Lastras Ramírez,Vicente Arce,Match Report,,1.0,2.0,2
Apertura 2025 Regular Season,5.0,Fri,2025-08-15,19:00,Puebla,0-2,Atlético San Luis,10978.0,Estadio Cuauhtémoc,Luis García,Match Report,,0.0,2.0,2
Apertura 2025 Regular Season,5.0,Fri,2025-08-15,21:05,Necaxa,0-1,León,19588.0,Estadio Victoria de Aguascalientes,Oscar Mejía,Match Report,,0.0,1.0,2
Apertura 2025 Regular Season,5.0,Sat,2025-08-16,17:07,Guadalajara,1-2,FC Juárez,33176.0,Estadio Akron,Marco Antonio Ortíz,Match Report,,1.0,2.0,2
Apertura 2025 Regular Season,5.0,Sat,2025-08-16,19:00,Cruz Azul,3-2,Santos Laguna,14101.0,Estadio Olímpico de Universitario,Fernando Hernández,Match Report,,3.0,2.0,1
Apertura 2025 Regular Season,5.0,Sat,2025-08-16,19:00,Pachuca,0-2,Tijuana,11798.0,Estadio Hidalgo,Salvador Pérez Villalobos,Match Report,,0.0,2.0,2
Apertura 2025 Regular Season,5.0,Sat,2025-08-16,19:00,UANL,1-3,América,41615.0,Estadio Universitario de Nuevo León,César Arturo Ramos,Match Report,,1.0,3.0,2
Apertura 2025 Regular Season,5.0,Sat,2025-08-16,21:10,Toluca,1-1,UNAM,27273.0,Estadio Nemesio Díez,Víctor Cáceres,Match Report,,1.0,1.0,X
Apertura 2025 Regular Season,5.0,Sun,2025-08-17,16:00,Querétaro,3-3,Atlas,9261.0,Estadio La Corregidora,Abraham Quirarte,Match Report,,3.0,3.0,X
Apertura 2025 Regular Season,5.0,Sun,2025-08-17,18:00,Monterrey,3-2,Atlante,45894.0,Estadio BBVA,Martín Molina,Match Report,,3.0,2.0,1
Apertura 2025 Regular Season,6.0,Fri,2025-08-22,19:00,Querétaro,3-2,Atlético San Luis,8159.0,Estadio La Corregidora,Oscar Mejía,Match Report,,3.0,2.0,1
Apertura 2025 Regular Season,6.0,Fri,2025-08-22,19:00,FC Juárez,2-1,Santos Laguna,7518.0,Estadio Olímpico Benito Juárez,Jorge Camacho,Match Report,,2.0,1.0,1
Apertura 2025 Regular Season,6.0,Fri,2025-08-22,20:00,Tijuana,3-3,Guadalajara,28553.0,Estadio Caliente,Katia García,Match Report,,3.0,3.0,X
Apertura 2025 Regular Season,6.0,Sat,2025-08-23,17:00,León,1-1,Pachuca,20655.0,Estadio León,Jesús López,Match Report,,1.0,1.0,X
Apertura 2025 Regular Season,6.0,Sat,2025-08-23,18:00,Atlante,2-2,UANL,13656.0,Estadio El Encanto,Joaquín Vizcarra Armenta,Match Report,,2.0,2.0,X
Apertura 2025 Regular Season,6.0,Sat,2025-08-23,19:00,Monterrey,3-0,Necaxa,45032.0,Estadio BBVA,Yonatan Peinado Aguirre,Match Report,,3.0,0.0,1
Apertura 2025 Regular Season,6.0,Sat,2025-08-23,21:05,Cruz Azul,1-0,Toluca,22867.0,Estadio Olímpico de Universitario,César Arturo Ramos,Match Report,,1.0,0.0,1
Apertura 2025 Regular Season,6.0,Sun,2025-08-24,17:00,UNAM,0-0,Puebla,18450.0,Estadio Olímpico de Universitario,Iván López,Match Report,,0.0,0.0,X
Apertura 2025 Regular Season,6.0,Sun,2025-08-24,19:05,Atlas,2-4,América,35588.0,Estadio Jalisco,Marco Antonio Ortíz,Match Report,,2.0,4.0,2
Apertura 2025 Regular Season,7.0,Fri,2025-08-29,19:00,FC Juárez,1-0,Atlante,6822.0,Estadio Olímpico Benito Juárez,Luis Enrique Santander,Match Report,,1.0,0.0,1
Apertura 2025 Regular Season,7.0,Fri,2025-08-29,19:00,Atlético San Luis,1-3,Toluca,15150.0,Estadio Alfonso Lastras Ramírez,Jorge Camacho,Match Report,,1.0,3.0,2
Apertura 2025 Regular Season,7.0,Fri,2025-08-29,21:05,Puebla,2-4,Monterrey,21945.0,Estadio Cuauhtémoc,Jesús López,Match Report,,2.0,4.0,2
Apertura 2025 Regular Season,7.0,Sat,2025-08-30,17:00,León,3-0,Querétaro,21351.0,Estadio León,Yonatan Peinado Aguirre,Match Report,,3.0,0.0,1
Apertura 2025 Regular Season,7.0,Sat,2025-08-30,19:00,Santos Laguna,0-1,UANL,15457.0,Estadio Nuevo Corona,Marco Antonio Ortíz,Match Report,,0.0,1.0,2
Apertura 2025 Regular Season,7.0,Sat,2025-08-30,19:07,Guadalajara,1-2,Cruz Azul,40170.0,Estadio Akron,Víctor Cáceres,Match Report,,1.0,2.0,2
Apertura 2025 Regular Season,7.0,Sat,2025-08-30,21:05,América,2-0,Pachuca,,Estadio de la Ciudad de los Deportes,Ismael López,Match Report,,2.0,0.0,1
Apertura 2025 Regular Season,7.0,Sun,2025-08-31,16:00,UNAM,1-0,Atlas,17195.0,Estadio Olímpico de Universitario,Martín Molina,Match Report,,1.0,0.0,1
Apertura 2025 Regular Season,7.0,Sun,2025-08-31,20:00,Tijuana,3-0,Necaxa,17233.0,Estadio Caliente,César Arturo Ramos,Match Report,,3.0,0.0,1
Apertura 2025 Regular Season,8.0,Fri,2025-09-12,19:00,Necaxa,1-1,FC Juárez,10987.0,Estadio Victoria de Aguascalientes,Maximiliano Quintero,Match Report,,1.0,1.0,X
Apertura 2025 Regular Season,8.0,Fri,2025-09-12,20:00,Atlante,1-4,UNAM,10606.0,Estadio El Encanto,Adonai Escobedo,Match Report,,1.0,4.0,2
Apertura 2025 Regular Season,8.0,Sat,2025-09-13,17:00,Pachuca,0-1,Cruz Azul,19479.0,Estadio Hidalgo,Joaquín Vizcarra Armenta,Match Report,,0.0,1.0,2
Apertura 2025 Regular Season,8.0,Sat,2025-09-13,19:00,Atlas,2-2,Santos Laguna,13982.0,Estadio Jalisco,Guillermo Pacheco,Match Report,,2.0,2.0,X
Apertura 2025 Regular Season,8.0,Sat,2025-09-13,19:00,UANL,0-0,León,40186.0,Estadio Universitario de Nuevo León,Daniel Quintero,Match Report,,0.0,0.0,X
Apertura 2025 Regular Season,8.0,Sat,2025-09-13,21:00,Toluca,3-1,Puebla,26589.0,Estadio Nemesio Díez,Karen Hernández,Match Report,,3.0,1.0,1
Apertura 2025 Regular Season,8.0,Sat,2025-09-13,21:15,América,1-2,Guadalajara,30247.0,Estadio de la Ciudad de los Deportes,Oscar Mejía,Match Report,,1.0,2.0,2
Apertura 2025 Regular Season,8.0,Sun,2025-09-14,17:00,Querétaro,0-1,Monterrey,15673.0,Estadio La Corregidora,Katia García,Match Report,,0.0,1.0,2
Apertura 2025 Regular Season,8.0,Sun,2025-09-14,19:00,Atlético San Luis,1-1,Tijuana,13178.0,Estadio Alfonso Lastras Ramírez,Charles Terrazas,Match Report,,1.0,1.0,X
Apertura 2025 Regular Season,1.0,Wed,2025-09-17,19:07,Guadalajara,0-0,UANL,29297.0,Estadio Akron,César Arturo Ramos,Match Report,,0.0,0.0,X
Apertura 2025 Regular Season,9.0,Fri,2025-09-19,19:00,Necaxa,1-0,Puebla,11490.0,Estadio Victoria de Aguascalientes,Jorge Camacho,Match Report,,1.0,0.0,1
Apertura 2025 Regular Season,9.0,Fri,2025-09-19,19:00,Cruz Azul,3-2,FC Juárez,15815.0,Estadio Olímpico de Universitario,Ismael López,Match Report,,3.0,2.0,1
Apertura 2025 Regular Season,9.0,Fri,2025-09-19,20:00,Atlante,1-1,Atlas,9962.0,Estadio El Encanto,Luis García,Match Report,,1.0,1.0,X
Apertura 2025 Regular Season,9.0,Fri,2025-09-19,20:05,Tijuana,5-0,León,18333.0,Estadio Caliente,Vicente Arce,Match Report,,5.0,0.0,1
Apertura 2025 Regular Season,9.0,Sat,2025-09-20,17:00,Pachuca,0-2,Querétaro,6942.0,Estadio Hidalgo,Fernando Hernández,Match Report,,0.0,2.0,2
Apertura 2025 Regular Season,9.0,Sat,2025-09-20,19:00,UNAM,1-1,UANL,25935.0,Estadio Olímpico de Universitario,Oscar Mejía,Match Report,,1.0,1.0,X
Apertura 2025 Regular Season,9.0,Sat,2025-09-20,19:07,Guadalajara,0-3,Toluca,37731.0,Estadio Akron,Marco Antonio Ortíz,Match Report,,0.0,3.0,2
Apertura 2025 Regular Season,9.0,Sat,2025-09-20,21:05,Monterrey,2-2,América,50910.0,Estadio BBVA,Víctor Cáceres,Match Report,,2.0,2.0,X
Apertura 2025 Regular Season,9.0,Sun,2025-09-21,17:00,Santos Laguna,1-4,Atlético San Luis,9032.0,Estadio Nuevo Corona,Abraham Quirarte,Match Report,,1.0,4.0,2
Apertura 2025 Regular Season,10.0,Tue,2025-09-23,19:00,Puebla,2-2,Pachuca,9939.0,Estadio Cuauhtémoc,Yonatan Peinado Aguirre,Match Report,,2.0,2.0,X
Apertura 2025 Regular Season,10.0,Tue,2025-09-23,19:07,Guadalajara,3-1,Necaxa,25130.0,Estadio Akron,Maximiliano Quintero,Match Report,,3.0,1.0,1
Apertura 2025 Regular Season,10.0,Tue,2025-09-23,21:00,FC Juárez,3-1,UNAM,10090.0,Estadio Olímpico Benito Juárez,Salvador Pérez Villalobos,Match Report,,3.0,1.0,1
Apertura 2025 Regular Season,10.0,Tue,2025-09-23,21:05,León,2-2,Atlante,24335.0,Estadio León,Martín Molina,Match Report,,2.0,2.0,X
Apertura 2025 Regular Season,10.0,Wed,2025-09-24,18:00,Cruz Azul,2-2,Querétaro,16783.0,Estadio Olímpico de Universitario,Karen Hernández,Match Report,,2.0,2.0,X
Apertura 2025 Regular Season,10.0,Wed,2025-09-24,19:00,UANL,2-0,Atlas,36168.0,Estadio Universitario de Nuevo León,Vicente Arce,Match Report,,2.0,0.0,1
Apertura 2025 Regular Season,10.0,Wed,2025-09-24,20:00,Toluca,6-2,Monterrey,25772.0,Estadio Nemesio Díez,César Arturo Ramos,Match Report,,6.0,2.0,1
Apertura 2025 Regular Season,10.0,Wed,2025-09-24,21:00,Santos Laguna,1-0,Tijuana,7154.0,Estadio Nuevo Corona,Iván López,Match Report,,1.0,0.0,1
Apertura 2025 Regular Season,10.0,Wed,2025-09-24,21:00,Atlético San Luis,0-1,América,22841.0,Estadio Alfonso Lastras Ramírez,Fernando Hernández,Match Report,,0.0,1.0,2
Apertura 2025 Regular Season,11.0,Fri,2025-09-26,19:00,FC Juárez,2-0,León,7008.0,Estadio Olímpico Benito Juárez,Charles Terrazas,Match Report,,2.0,0.0,1
Apertura 2025 Regular Season,11.0,Sat,2025-09-27,17:00,Pachuca,2-1,Atlético San Luis,10450.0,Estadio Hidalgo,Marco Antonio Ortíz,Match Report,,2.0,1.0,1
Apertura 2025 Regular Season,11.0,Sat,2025-09-27,17:00,Puebla,0-2,Guadalajara,22177.0,Estadio Cuauhtémoc,Ismael López,Match Report,,0.0,2.0,2
Apertura 2025 Regular Season,11.0,Sat,2025-09-27,17:00,Atlas,3-2,Necaxa,13567.0,Estadio Jalisco,Víctor Cáceres,Match Report,,3.0,2.0,1
Apertura 2025 Regular Season,11.0,Sat,2025-09-27,19:00,Toluca,3-1,Atlante,22273.0,Estadio Nemesio Díez,Abraham Quirarte,Match Report,,3.0,1.0,1
Apertura 2025 Regular Season,11.0,Sat,2025-09-27,19:00,Monterrey,1-0,Santos Laguna,46290.0,Estadio BBVA,Luis Enrique Santander,Match Report,,1.0,0.0,1
Apertura 2025 Regular Season,11.0,Sat,2025-09-27,21:05,América,4-1,UNAM,26387.0,Estadio de la Ciudad de los Deportes,César Arturo Ramos,Match Report,,4.0,1.0,1
Apertura 2025 Regular Season,11.0,Sun,2025-09-28,17:00,Querétaro,0-2,UANL,17710.0,Estadio La Corregidora,Guillermo Pacheco,Match Report,,0.0,2.0,2
Apertura 2025 Regular Season,11.0,Sun,2025-09-28,20:05,Tijuana,2-0,Cruz Azul,29333.0,Estadio Caliente,Jorge Camacho,Match Report,,2.0,0.0,1
Apertura 2025 Regular Season,12.0,Fri,2025-10-03,19:00,Necaxa,0-1,Pachuca,12777.0,Estadio Victoria de Aguascalientes,Guillermo Pacheco,Match Report,,0.0,1.0,2
Apertura 2025 Regular Season,12.0,Fri,2025-10-03,20:00,Atlante,2-1,Atlético San Luis,7993.0,Estadio El Encanto,Iván López,Match Report,,2.0,1.0,1
Apertura 2025 Regular Season,12.0,Fri,2025-10-03,21:05,Atlas,3-1,FC Juárez,13504.0,Estadio Jalisco,Yonatan Peinado Aguirre,Match Report,,3.0,1.0,1
Apertura 2025 Regular Season,12.0,Sat,2025-10-04,17:00,Querétaro,3-1,Puebla,7763.0,Estadio La Corregidora,Vicente Arce,Match Report,,3.0,1.0,1
Apertura 2025 Regular Season,12.0,Sat,2025-10-04,19:00,UANL,1-1,Cruz Azul,41615.0,Estadio Universitario de Nuevo León,Ismael López,Match Report,,1.0,1.0,X
Apertura 2025 Regular Season,12.0,Sat,2025-10-04,19:00,León,2-4,Toluca,25795.0,Estadio León,Jesús López,Match Report,,2.0,4.0,2
Apertura 2025 Regular Season,12.0,Sat,2025-10-04,21:05,América,3-0,Santos Laguna,21870.0,Estadio de la Ciudad de los Deportes,Maximiliano Quintero,Match Report,,3.0,0.0,1
Apertura 2025 Regular Season,12.0,Sun,2025-10-05,19:35,UNAM,1-2,Guadalajara,41350.0,Estadio Olímpico de Universitario,Daniel Quintero,Match Report,,1.0,2.0,2
Apertura 2025 Regular Season,12.0,Sun,2025-10-05,20:05,Tijuana,2-2,Monterrey,22333.0,Estadio Caliente,Adonai Escobedo,Match Report,,2.0,2.0,X
Apertura 2025 Regular Season,13.0,Fri,2025-10-17,19:00,Puebla,4-3,Tijuana,6955.0,Estadio Cuauhtémoc,Marco Antonio Ortíz,Match Report,,4.0,3.0,1
Apertura 2025 Regular Season,13.0,Fri,2025-10-17,21:00,Atlético San Luis,2-0,Atlas,13534.0,Estadio Alfonso Lastras Ramírez,Joaquín Vizcarra Armenta,Match Report,,2.0,0.0,1
Apertura 2025 Regular Season,13.0,Fri,2025-10-17,21:00,UANL,5-3,Necaxa,41615.0,Estadio Universitario de Nuevo León,Adonai Escobedo,Match Report,,5.0,3.0,1
Apertura 2025 Regular Season,13.0,Sat,2025-10-18,17:00,FC Juárez,2-2,Pachuca,6053.0,Estadio Olímpico Benito Juárez,César Arturo Ramos,Match Report,,2.0,2.0,X
Apertura 2025 Regular Season,13.0,Sat,2025-10-18,17:00,Toluca,4-0,Querétaro,27273.0,Estadio Nemesio Díez,Luis Enrique Santander,Match Report,,4.0,0.0,1
Apertura 2025 Regular Season,13.0,Sat,2025-10-18,17:00,Santos Laguna,2-0,León,8217.0,Estadio Nuevo Corona,Daniel Quintero,Match Report,,2.0,0.0,1
Apertura 2025 Regular Season,13.0,Sat,2025-10-18,19:00,Monterrey,1-1,UNAM,47706.0,Estadio BBVA,Víctor Cáceres,Match Report,,1.0,1.0,X
Apertura 2025 Regular Season,13.0,Sat,2025-10-18,19:07,Guadalajara,2-0,Atlante,34478.0,Estadio Akron,Fernando Hernández,Match Report,,2.0,0.0,1
Apertura 2025 Regular Season,13.0,Sat,2025-10-18,21:05,Cruz Azul,2-1,América,40237.0,Estadio Olímpico de Universitario,Jesús López,Match Report,,2.0,1.0,1
Apertura 2025 Regular Season,14.0,Tue,2025-10-21,19:00,Necaxa,1-1,Cruz Azul,17523.0,Estadio Victoria de Aguascalientes,Vicente Arce,Match Report,,1.0,1.0,X
Apertura 2025 Regular Season,14.0,Tue,2025-10-21,19:00,América,2-1,Puebla,18130.0,Estadio de la Ciudad de los Deportes,Martín Molina,Match Report,,2.0,1.0,1
Apertura 2025 Regular Season,14.0,Tue,2025-10-21,20:00,Atlante,2-2,Santos Laguna,6528.0,Estadio El Encanto,Karen Hernández,Match Report,,2.0,2.0,X
Apertura 2025 Regular Season,14.0,Tue,2025-10-21,21:05,Monterrey,4-2,FC Juárez,38734.0,Estadio BBVA,Iván López,Match Report,,4.0,2.0,1
Apertura 2025 Regular Season,14.0,Wed,2025-10-22,19:00,Querétaro,1-0,Guadalajara,27712.0,Estadio La Corregidora,Maximiliano Quintero,Match Report,,1.0,0.0,1
Apertura 2025 Regular Season,14.0,Wed,2025-10-22,19:00,Pachuca,1-2,UANL,10485.0,Estadio Hidalgo,Abraham Quirarte,Match Report,,1.0,2.0,2
Apertura 2025 Regular Season,14.0,Wed,2025-10-22,20:00,Tijuana,0-0,Toluca,23333.0,Estadio Caliente,Oscar Mejía,Match Report,,0.0,0.0,X
Apertura 2025 Regular Season,14.0,Wed,2025-10-22,21:00,Atlas,2-0,León,16256.0,Estadio Jalisco,Ismael López,Match Report,,2.0,0.0,1
Apertura 2025 Regular Season,14.0,Wed,2025-10-22,21:05,UNAM,0-1,Atlético San Luis,10235.0,Estadio Olímpico de Universitario,Luis García,Match Report,,0.0,1.0,2
Apertura 2025 Regular Season,15.0,Fri,2025-10-24,19:00,FC Juárez,4-4,Puebla,7006.0,Estadio Olímpico Benito Juárez,Fernando Hernández,Match Report,,4.0,4.0,X
Apertura 2025 Regular Season,15.0,Fri,2025-10-24,20:00,Atlante,2-2,América,18660.0,Estadio El Encanto,Guillermo Pacheco,Match Report,,2.0,2.0,X
Apertura 2025 Regular Season,15.0,Sat,2025-10-25,17:00,UANL,2-0,Tijuana,41615.0,Estadio Universitario de Nuevo León,Jorge Camacho,Match Report,,2.0,0.0,1
Apertura 2025 Regular Season,15.0,Sat,2025-10-25,19:00,León,1-1,UNAM,21151.0,Estadio León,Adonai Escobedo,Match Report,,1.0,1.0,X
Apertura 2025 Regular Season,15.0,Sat,2025-10-25,19:07,Guadalajara,4-1,Atlas,40699.0,Estadio Akron,Marco Antonio Ortíz,Match Report,,4.0,1.0,1
Apertura 2025 Regular Season,15.0,Sat,2025-10-25,21:05,Cruz Azul,2-0,Monterrey,18406.0,Estadio Olímpico de Universitario,Daniel Quintero,Match Report,,2.0,0.0,1
Apertura 2025 Regular Season,15.0,Sun,2025-10-26,17:00,Santos Laguna,3-1,Querétaro,8563.0,Estadio Nuevo Corona,Katia García,Match Report,,3.0,1.0,1
Apertura 2025 Regular Season,15.0,Sun,2025-10-26,19:00,Atlético San Luis,3-4,Necaxa,12494.0,Estadio Alfonso Lastras Ramírez,Luis Enrique Santander,Match Report,,3.0,4.0,2
Apertura 2025 Regular Season,15.0,Sun,2025-10-26,19:00,Toluca,2-2,Pachuca,24000.0,Estadio Nemesio Díez,Jesús López,Match Report,,2.0,2.0,X
Apertura 2025 Regular Season,16.0,Fri,2025-10-31,19:00,Necaxa,4-1,Santos Laguna,14747.0,Estadio Victoria de Aguascalientes,Jesús López,Match Report,,4.0,1.0,1
Apertura 2025 Regular Season,16.0,Fri,2025-10-31,21:00,Atlético San Luis,1-2,FC Juárez,10237.0,Estadio Alfonso Lastras Ramírez,Daniel Quintero,Match Report,,1.0,2.0,2
Apertura 2025 Regular Season,16.0,Fri,2025-10-31,21:05,Puebla,0-3,Cruz Azul,25644.0,Estadio Cuauhtémoc,Guillermo Pacheco,Match Report,,0.0,3.0,2
Apertura 2025 Regular Season,16.0,Sat,2025-11-01,17:00,Atlas,0-0,Toluca,15921.0,Estadio Jalisco,Fernando Hernández,Match Report,,0.0,0.0,X
Apertura 2025 Regular Season,16.0,Sat,2025-11-01,19:05,Monterrey,1-1,UANL,50447.0,Estadio BBVA,César Arturo Ramos,Match Report,,1.0,1.0,X
Apertura 2025 Regular Season,16.0,Sat,2025-11-01,21:10,América,2-0,León,20029.0,Estadio de la Ciudad de los Deportes,Víctor Cáceres,Match Report,,2.0,0.0,1
Apertura 2025 Regular Season,16.0,Sun,2025-11-02,12:00,UNAM,4-1,Tijuana,13901.0,Estadio Olímpico de Universitario,Maximiliano Quintero,Match Report,,4.0,1.0,1
Apertura 2025 Regular Season,16.0,Sun,2025-11-02,17:00,Querétaro,1-0,Atlante,8803.0,Estadio La Corregidora,Yonatan Peinado Aguirre,Match Report,,1.0,0.0,1
Apertura 2025 Regular Season,16.0,Sun,2025-11-02,19:00,Pachuca,0-1,Guadalajara,14967.0,Estadio Hidalgo,Adonai Escobedo,Match Report,,0.0,1.0,2
Apertura 2025 Regular Season,17.0,Fri,2025-11-07,18:00,FC Juárez,1-2,Querétaro,8556.0,Estadio Olímpico Benito Juárez,Vicente Arce,Match Report,,1.0,2.0,2
Apertura 2025 Regular Season,17.0,Fri,2025-11-07,19:00,Tijuana,2-0,Atlas,18733.0,Estadio Caliente,Ismael López,Match Report,,2.0,0.0,1
Apertura 2025 Regular Season,17.0,Fri,2025-11-07,20:00,Atlante,1-1,Necaxa,9546.0,Estadio El Encanto,Katia García,Match Report,,1.0,1.0,X
Apertura 2025 Regular Season,17.0,Sat,2025-11-08,17:00,UANL,3-1,Atlético San Luis,41615.0,Estadio Universitario de Nuevo León,Iván López,Match Report,,3.0,1.0,1
Apertura 2025 Regular Season,17.0,Sat,2025-11-08,17:07,Guadalajara,4-2,Monterrey,40396.0,Estadio Akron,Oscar Mejía,Match Report,,4.0,2.0,1
Apertura 2025 Regular Season,17.0,Sat,2025-11-08,19:00,Toluca,2-0,América,27273.0,Estadio Nemesio Díez,Luis Enrique Santander,Match Report,,2.0,0.0,1
Apertura 2025 Regular Season,17.0,Sat,2025-11-08,19:00,León,1-2,Puebla,25032.0,Estadio León,Karen Hernández,Match Report,,1.0,2.0,2
Apertura 2025 Regular Season,17.0,Sat,2025-11-08,21:05,Cruz Azul,2-3,UNAM,36025.0,Estadio Cuauhtémoc,Fernando Hernández,Match Report,,2.0,3.0,2
Apertura 2025 Regular Season,17.0,Sun,2025-11-09,17:00,Santos Laguna,1-0,Pachuca,8740.0,Estadio Nuevo Corona,Marco Antonio Ortíz,Match Report,,1.0,0.0,1
Apertura — 7-seed match,,Thu,2025-11-20,19:00,Tijuana,3-1,FC Juárez,13800.0,Estadio Caliente,Marco Antonio Ortíz,Match Report,,3.0,1.0,1
Apertura — 9/10 match,,Thu,2025-11-20,19:00,Pachuca,3-1,UNAM,12385.0,Estadio Hidalgo,Luis Enrique Santander,Match Report,,3.0,1.0,1
Apertura — 8-seed match,,Sun,2025-11-23,18:00,FC Juárez,2-1,Pachuca,12500.0,Estadio Olímpico Benito Juárez,Oscar Mejía,Match Report,,2.0,1.0,1
Apertura — Quarter-finals,,Wed,2025-11-26,18:00,FC Juárez,1-2,Toluca,14500.0,Estadio Olímpico Benito Juárez,Maximiliano Quintero,Match Report,Leg 1 of 2,1.0,2.0,2
Apertura — Quarter-finals,,Wed,2025-11-26,21:00,Tijuana,3-0,UANL,20733.0,Estadio Caliente,Vicente Arce,Match Report,Leg 1 of 2,3.0,0.0,1
Apertura — Quarter-finals,,Wed,2025-11-26,21:05,Monterrey,2-0,América,43688.0,Estadio BBVA,Jesús López,Match Report,Leg 1 of 2,2.0,0.0,1
Apertura — Quarter-finals,,Thu,2025-11-27,20:07,Guadalajara,0-0,Cruz Azul,41476.0,Estadio Akron,Guillermo Pacheco,Match Report,Leg 1 of 2,0.0,0.0,X
Apertura — Quarter-finals,,Sat,2025-11-29,17:00,América,2-1,Monterrey,30681.0,Estadio de la Ciudad de los Deportes,César Arturo Ramos,Match Report,Leg 2 of 2; Monterrey won,2.0,1.0,1
Apertura — Quarter-finals,,Sat,2025-11-29,19:05,Toluca,0-0,FC Juárez,28237.0,Estadio Nemesio Díez,Katia García,Match Report,Leg 2 of 2; Toluca won,0.0,0.0,X
Apertura — Quarter-finals,,Sat,2025-11-29,21:10,UANL,5-0,Tijuana,41615.0,Estadio Universitario de Nuevo León,Marco Antonio Ortíz,Match Report,Leg 2 of 2; UANL won,5.0,0.0,1
Apertura — Quarter-finals,,Sun,2025-11-30,19:00,Cruz Azul,3-2,Guadalajara,58445.0,Estadio Olímpico de Universitario,Daniel Quintero,Match Report,Leg 2 of 2; Cruz Azul won,3.0,2.0,1
Apertura — Semi-finals,,Wed,2025-12-03,19:00,Cruz Azul,1-1,UANL,58445.0,Estadio Olímpico de Universitario,Ismael López,Match Report,Leg 1 of 2,1.0,1.0,X
Apertura — Semi-finals,,Wed,2025-12-03,21:10,Monterrey,1-0,Toluca,50716.0,Estadio BBVA,Daniel Quintero,Match Report,Leg 1 of 2,1.0,0.0,1
Apertura — Semi-finals,,Sat,2025-12-06,19:00,Toluca,3-2,Monterrey,28237.0,Estadio Nemesio Díez,Luis Enrique Santander,Match Report,Leg 2 of 2; Toluca won,3.0,2.0,1
Apertura — Semi-finals,,Sat,2025-12-06,21:10,UANL,1-1,Cruz Azul,41615.0,Estadio Universitario de Nuevo León,Víctor Cáceres,Match Report,Leg 2 of 2; UANL won,1.0,1.0,X
Apertura — Finals,,Thu,2025-12-11,20:00,UANL,1-0,Toluca,41000.0,Estadio Universitario de Nuevo León,Marco Antonio Ortíz,Match Report,Leg 1 of 2,1.0,0.0,1
Apertura — Finals,,Sun,2025-12-14,19:00,Toluca, 2-1 ,UANL,28237.0,Estadio Nemesio Díez,César Arturo Ramos,Match Report,Leg 2 of 2; Toluca won; Toluca won a penalty shoot-out following extra time,2.0,1.0,1
Clausura 2026 Regular Season,1.0,Fri,2026-01-09,18:00,Atlante,1-2,FC Juárez,6472.0,Estadio El Encanto,Iván López,Match Report,,1.0,2.0,2
Clausura 2026 Regular Season,1.0,Fri,2026-01-09,19:00,Tijuana,0-0,América,28833.0,Estadio Caliente,Ismael López,Match Report,,0.0,0.0,X
Clausura 2026 Regular Season,1.0,Fri,2026-01-09,21:00,Atlas,1-0,Puebla,17086.0,Estadio Jalisco,César Arturo Ramos,Match Report,,1.0,0.0,1
Clausura 2026 Regular Season,1.0,Sat,2026-01-10,17:07,Guadalajara,2-0,Pachuca,35278.0,Estadio Akron,Marco Antonio Ortíz,Match Report,,2.0,0.0,1
Clausura 2026 Regular Season,1.0,Sat,2026-01-10,19:00,Santos Laguna,1-3,Necaxa,15174.0,Estadio Nuevo Corona,Luis García,Match Report,,1.0,3.0,2
Clausura 2026 Regular Season,1.0,Sat,2026-01-10,19:00,León,2-1,Cruz Azul,18694.0,Estadio León,Víctor Cáceres,Match Report,,2.0,1.0,1
Clausura 2026 Regular Season,1.0,Sat,2026-01-10,21:05,Monterrey,0-1,Toluca,45238.0,Estadio BBVA,Luis Enrique Santander,Match Report,,0.0,1.0,2
Clausura 2026 Regular Season,1.0,Sun,2026-01-11,12:00,UNAM,1-1,Querétaro,22135.0,Estadio Olímpico de Universitario,Maximiliano Quintero,Match Report,,1.0,1.0,X
Clausura 2026 Regular Season,1.0,Sun,2026-01-11,19:00,Atlético San Luis,1-2,UANL,16900.0,Estadio Alfonso Lastras Ramírez,Daniel Quintero,Match Report,,1.0,2.0,2
Clausura 2026 Regular Season,2.0,Tue,2026-01-13,17:00,Puebla,2-1,Atlante,8696.0,Estadio Cuauhtémoc,Joaquín Vizcarra Armenta,Match Report,,2.0,1.0,1
Clausura 2026 Regular Season,2.0,Tue,2026-01-13,19:00,Necaxa,0-2,Monterrey,12638.0,Estadio Victoria de Aguascalientes,Fernando Hernández,Match Report,,0.0,2.0,2
Clausura 2026 Regular Season,2.0,Tue,2026-01-13,19:06,Pachuca,2-1,León,9114.0,Estadio Hidalgo,Guillermo Pacheco,Match Report,,2.0,1.0,1
Clausura 2026 Regular Season,2.0,Tue,2026-01-13,20:10,FC Juárez,0-1,Guadalajara,14558.0,Estadio Olímpico Benito Juárez,Adonai Escobedo,Match Report,,0.0,1.0,2
Clausura 2026 Regular Season,2.0,Wed,2026-01-14,17:00,Cruz Azul,2-0,Atlas,7519.0,Estadio Cuauhtémoc,Yonatan Peinado Aguirre,Match Report,,2.0,0.0,1
Clausura 2026 Regular Season,2.0,Wed,2026-01-14,19:00,Querétaro,1-2,Tijuana,10915.0,Estadio La Corregidora,Karen Hernández,Match Report,,1.0,2.0,2
Clausura 2026 Regular Season,2.0,Wed,2026-01-14,19:05,América,0-2,Atlético San Luis,15331.0,Estadio de la Ciudad de los Deportes,Vicente Arce,Match Report,,0.0,2.0,2
Clausura 2026 Regular Season,2.0,Wed,2026-01-14,21:06,UANL,0-1,UNAM,40074.0,Estadio Universitario de Nuevo León,Jesús López,Match Report,,0.0,1.0,2
Clausura 2026 Regular Season,2.0,Wed,2026-01-14,21:10,Toluca,3-1,Santos Laguna,26513.0,Estadio Nemesio Díez,Martín Molina,Match Report,,3.0,1.0,1
Clausura 2026 Regular Season,3.0,Fri,2026-01-16,20:00,Atlante,1-5,Monterrey,9411.0,Estadio El Encanto,Ismael López,Match Report,,1.0,5.0,2
Clausura 2026 Regular Season,3.0,Sat,2026-01-17,17:00,Necaxa,0-1,Atlas,17557.0,Estadio Victoria de Aguascalientes,Maximiliano Quintero,Match Report,,0.0,1.0,2
Clausura 2026 Regular Season,3.0,Sat,2026-01-17,17:07,Guadalajara,2-1,Querétaro,34839.0,Estadio Akron,Jorge Camacho,Match Report,,2.0,1.0,1
Clausura 2026 Regular Season,3.0,Sat,2026-01-17,19:00,UANL,0-0,Toluca,40319.0,Estadio Universitario de Nuevo León,Oscar Mejía,Match Report,,0.0,0.0,X
Clausura 2026 Regular Season,3.0,Sat,2026-01-17,19:06,Tijuana,1-1,Atlético San Luis,17733.0,Estadio Caliente,Víctor Cáceres,Match Report,,1.0,1.0,X
Clausura 2026 Regular Season,3.0,Sat,2026-01-17,21:05,Cruz Azul,1-0,Puebla,15440.0,Estadio Cuauhtémoc,Charles Terrazas,Match Report,,1.0,0.0,1
Clausura 2026 Regular Season,3.0,Sun,2026-01-18,12:00,UNAM,1-1,León,21487.0,Estadio Olímpico de Universitario,Daniel Quintero,Match Report,,1.0,1.0,X
Clausura 2026 Regular Season,3.0,Sun,2026-01-18,17:00,Santos Laguna,2-2,FC Juárez,11746.0,Estadio Nuevo Corona,Marco Antonio Ortíz,Match Report,,2.0,2.0,X
Clausura 2026 Regular Season,3.0,Sun,2026-01-18,19:06,Pachuca,0-0,América,13403.0,Estadio Hidalgo,Luis Enrique Santander,Match Report,,0.0,0.0,X
Clausura 2026 Regular Season,4.0,Fri,2026-01-30,19:00,Puebla,0-0,Toluca,20503.0,Estadio Cuauhtémoc,Abraham Quirarte,Match Report,,0.0,0.0,X
Clausura 2026 Regular Season,4.0,Fri,2026-01-30,20:06,FC Juárez,3-4,Cruz Azul,14124.0,Estadio Olímpico Benito Juárez,Jesús López,Match Report,,3.0,4.0,2
Clausura 2026 Regular Season,4.0,Fri,2026-01-30,21:00,UNAM,4-0,Santos Laguna,20130.0,Estadio Olímpico de Universitario,Vicente Arce,Match Report,,4.0,0.0,1
Clausura 2026 Regular Season,4.0,Sat,2026-01-31,16:00,América,2-0,Necaxa,26544.0,Estadio de la Ciudad de los Deportes,Ismael López,Match Report,,2.0,0.0,1
Clausura 2026 Regular Season,4.0,Sat,2026-01-31,17:00,Atlas,1-0,Atlante,19723.0,Estadio Jalisco,Salvador Pérez Villalobos,Match Report,,1.0,0.0,1
Clausura 2026 Regular Season,4.0,Sat,2026-01-31,17:00,Atlético San Luis,2-3,Guadalajara,22883.0,Estadio Alfonso Lastras Ramírez,Yonatan Peinado Aguirre,Match Report,,2.0,3.0,2
Clausura 2026 Regular Season,4.0,Sat,2026-01-31,19:00,Monterrey,2-2,Tijuana,44748.0,Estadio BBVA,César Arturo Ramos,Match Report,,2.0,2.0,X
Clausura 2026 Regular Season,4.0,Sat,2026-01-31,19:10,León,1-2,UANL,22565.0,Estadio León,Adonai Escobedo,Match Report,,1.0,2.0,2
Clausura 2026 Regular Season,4.0,Sun,2026-02-01,17:00,Querétaro,0-0,Pachuca,12338.0,Estadio La Corregidora,Fernando Hernández,Match Report,,0.0,0.0,X
Clausura 2026 Regular Season,5.0,Fri,2026-02-06,19:00,Necaxa,4-1,Atlético San Luis,13337.0,Estadio Victoria de Aguascalientes,Iván López,Match Report,,4.0,1.0,1
Clausura 2026 Regular Season,5.0,Fri,2026-02-06,19:00,UANL,5-1,Santos Laguna,38487.0,Estadio Universitario de Nuevo León,Katia García,Match Report,,5.0,1.0,1
Clausura 2026 Regular Season,5.0,Fri,2026-02-06,19:06,Tijuana,0-0,Puebla,16933.0,Estadio Caliente,Karen Hernández,Match Report,,0.0,0.0,X
Clausura 2026 Regular Season,5.0,Fri,2026-02-06,20:06,Atlante,1-2,Guadalajara,16251.0,Estadio El Encanto,Vicente Arce,Match Report,,1.0,2.0,2
Clausura 2026 Regular Season,5.0,Sat,2026-02-07,17:00,Toluca,1-1,Cruz Azul,27273.0,Estadio Nemesio Díez,Luis Enrique Santander,Match Report,,1.0,1.0,X
Clausura 2026 Regular Season,5.0,Sat,2026-02-07,17:00,Querétaro,2-0,León,11333.0,Estadio La Corregidora,Marco Antonio Ortíz,Match Report,,2.0,0.0,1
Clausura 2026 Regular Season,5.0,Sat,2026-02-07,19:05,Atlas,2-2,UNAM,22127.0,Estadio Jalisco,Jorge Camacho,Match Report,,2.0,2.0,X
Clausura 2026 Regular Season,5.0,Sat,2026-02-07,19:06,Pachuca,2-0,FC Juárez,7112.0,Estadio Hidalgo,Daniel Quintero,Match Report,,2.0,0.0,1
Clausura 2026 Regular Season,5.0,Sat,2026-02-07,21:10,América,1-0,Monterrey,23939.0,Estadio de la Ciudad de los Deportes,Oscar Mejía,Match Report,,1.0,0.0,1
Clausura 2026 Regular Season,6.0,Fri,2026-02-13,19:00,Puebla,2-3,UNAM,16340.0,Estadio Cuauhtémoc,Ismael López,Match Report,,2.0,3.0,2
Clausura 2026 Regular Season,6.0,Fri,2026-02-13,21:05,Toluca,1-0,Tijuana,27273.0,Estadio Nemesio Díez,Joaquín Vizcarra Armenta,Match Report,,1.0,0.0,1
Clausura 2026 Regular Season,6.0,Sat,2026-02-14,17:00,Pachuca,3-1,Atlas,10627.0,Estadio Hidalgo,Víctor Cáceres,Match Report,,3.0,1.0,1
Clausura 2026 Regular Season,6.0,Sat,2026-02-14,17:00,Atlético San Luis,3-0,Querétaro,13170.0,Estadio Alfonso Lastras Ramírez,Adonai Escobedo,Match Report,,3.0,0.0,1
Clausura 2026 Regular Season,6.0,Sat,2026-02-14,18:06,FC Juárez,1-2,Necaxa,6796.0,Estadio Olímpico Benito Juárez,Oscar Mejía,Match Report,,1.0,2.0,2
Clausura 2026 Regular Season,6.0,Sat,2026-02-14,19:00,Monterrey,1-0,León,44902.0,Estadio BBVA,Fernando Hernández,Match Report,,1.0,0.0,1
Clausura 2026 Regular Season,6.0,Sat,2026-02-14,21:07,Guadalajara,1-0,América,43078.0,Estadio Akron,César Arturo Ramos,Match Report,,1.0,0.0,1
Clausura 2026 Regular Season,6.0,Sun,2026-02-15,16:30,Cruz Azul,2-1,UANL,16419.0,Estadio Cuauhtémoc,Daniel Quintero,Match Report,,2.0,1.0,1
Clausura 2026 Regular Season,6.0,Sun,2026-02-15,17:00,Santos Laguna,1-2,Atlante,10767.0,Estadio Nuevo Corona,Luis García,Match Report,,1.0,2.0,2
Clausura 2026 Regular Season,7.0,Fri,2026-02-20,19:00,UANL,1-2,Pachuca,41615.0,Estadio Universitario de Nuevo León,Marco Antonio Ortíz,Match Report,,1.0,2.0,2
Clausura 2026 Regular Season,7.0,Fri,2026-02-20,21:06,Puebla,0-4,América,37204.0,Estadio Cuauhtémoc,Katia García,Match Report,,0.0,4.0,2
Clausura 2026 Regular Season,7.0,Sat,2026-02-21,17:00,Atlas,3-2,Atlético San Luis,16057.0,Estadio Jalisco,Fernando Hernández,Match Report,,3.0,2.0,1
Clausura 2026 Regular Season,7.0,Sat,2026-02-21,19:00,Necaxa,0-3,Toluca,20013.0,Estadio Victoria de Aguascalientes,Yonatan Peinado Aguirre,Match Report,,0.0,3.0,2
Clausura 2026 Regular Season,7.0,Sat,2026-02-21,19:00,León,2-1,Santos Laguna,25098.0,Estadio León,Salvador Pérez Villalobos,Match Report,,2.0,1.0,1
Clausura 2026 Regular Season,7.0,Sat,2026-02-21,21:05,Cruz Azul,2-1,Guadalajara,43134.0,Estadio Cuauhtémoc,Maximiliano Quintero,Match Report,,2.0,1.0,1
Clausura 2026 Regular Season,7.0,Sat,2026-02-21,21:10,Tijuana,1-1,Atlante,15333.0,Estadio Caliente,Martín Molina,Match Report,,1.0,1.0,X
Clausura 2026 Regular Season,7.0,Sun,2026-02-22,17:00,UNAM,2-0,Monterrey,21867.0,Estadio Olímpico de Universitario,Vicente Arce,Match Report,,2.0,0.0,1
Clausura 2026 Regular Season,8.0,Fri,2026-02-27,18:00,Atlante,1-0,Pachuca,6971.0,Estadio El Encanto,Charles Terrazas,Match Report,,1.0,0.0,1
Clausura 2026 Regular Season,8.0,Fri,2026-02-27,19:00,Querétaro,2-2,Santos Laguna,9911.0,Estadio La Corregidora,Abraham Quirarte,Match Report,,2.0,2.0,X
Clausura 2026 Regular Season,8.0,Fri,2026-02-27,19:06,Tijuana,1-1,UNAM,21333.0,Estadio Caliente,Luis Enrique Santander,Match Report,,1.0,1.0,X
Clausura 2026 Regular Season,8.0,Fri,2026-02-27,20:00,FC Juárez,3-1,Atlas,8242.0,Estadio Olímpico Benito Juárez,Vicente Arce,Match Report,,3.0,1.0,1
Clausura 2026 Regular Season,8.0,Sat,2026-02-28,17:00,Atlético San Luis,0-1,Puebla,11416.0,Estadio Alfonso Lastras Ramírez,Maximiliano Quintero,Match Report,,0.0,1.0,2
Clausura 2026 Regular Season,8.0,Sat,2026-02-28,17:00,Toluca,2-0,Guadalajara,27273.0,Estadio Nemesio Díez,Oscar Mejía,Match Report,,2.0,0.0,1
Clausura 2026 Regular Season,8.0,Sat,2026-02-28,19:05,Monterrey,0-2,Cruz Azul,47907.0,Estadio BBVA,Guillermo Pacheco,Match Report,,0.0,2.0,2
Clausura 2026 Regular Season,8.0,Sat,2026-02-28,19:06,León,2-1,Necaxa,24456.0,Estadio León,Víctor Cáceres,Match Report,,2.0,1.0,1
Clausura 2026 Regular Season,8.0,Sat,2026-02-28,21:10,América,1-4,UANL,26410.0,Estadio de la Ciudad de los Deportes,Jorge Camacho,Match Report,,1.0,4.0,2
Clausura 2026 Regular Season,9.0,Tue,2026-03-03,19:00,Santos Laguna,1-2,Cruz Azul,15065.0,Estadio Nuevo Corona,Iván López,Match Report,,1.0,2.0,2
Clausura 2026 Regular Season,9.0,Tue,2026-03-03,19:00,Pachuca,2-1,Necaxa,8601.0,Estadio Hidalgo,Katia García,Match Report,,2.0,1.0,1
Clausura 2026 Regular Season,9.0,Tue,2026-03-03,21:00,Atlético San Luis,4-1,Atlante,8808.0,Estadio Alfonso Lastras Ramírez,Yonatan Peinado Aguirre,Match Report,,4.0,1.0,1
Clausura 2026 Regular Season,9.0,Tue,2026-03-03,21:10,UNAM,2-3,Toluca,29068.0,Estadio Olímpico de Universitario,Marco Antonio Ortíz,Match Report,,2.0,3.0,2
Clausura 2026 Regular Season,9.0,Wed,2026-03-04,19:00,Puebla,3-1,UANL,15661.0,Estadio Cuauhtémoc,Joaquín Vizcarra Armenta,Match Report,,3.0,1.0,1
Clausura 2026 Regular Season,9.0,Wed,2026-03-04,19:00,Monterrey,4-0,Querétaro,36491.0,Estadio BBVA,Salvador Pérez Villalobos,Match Report,,4.0,0.0,1
Clausura 2026 Regular Season,9.0,Wed,2026-03-04,21:00,América,1-2,FC Juárez,12560.0,Estadio de la Ciudad de los Deportes,Maximiliano Quintero,Match Report,,1.0,2.0,2
Clausura 2026 Regular Season,9.0,Wed,2026-03-04,21:00,Atlas,2-1,Tijuana,15171.0,Estadio Jalisco,Adonai Escobedo,Match Report,,2.0,1.0,1
Clausura 2026 Regular Season,10.0,Fri,2026-03-06,18:00,Atlante,4-2,León,6792.0,Estadio El Encanto,Daniel Quintero,Match Report,,4.0,2.0,1
Clausura 2026 Regular Season,10.0,Fri,2026-03-06,21:00,Necaxa,0-1,UNAM,18290.0,Estadio Victoria de Aguascalientes,Jorge Camacho,Match Report,,0.0,1.0,2
Clausura 2026 Regular Season,10.0,Sat,2026-03-07,17:00,Querétaro,1-2,América,29388.0,Estadio La Corregidora,Víctor Cáceres,Match Report,,1.0,2.0,2
Clausura 2026 Regular Season,10.0,Sat,2026-03-07,17:00,Cruz Azul,3-0,Atlético San Luis,10090.0,Estadio Cuauhtémoc,Vicente Arce,Match Report,,3.0,0.0,1
Clausura 2026 Regular Season,10.0,Sat,2026-03-07,19:05,Atlas,1-2,Guadalajara,36767.0,Estadio Jalisco,Marco Antonio Ortíz,Match Report,,1.0,2.0,2
Clausura 2026 Regular Season,10.0,Sat,2026-03-07,19:06,Pachuca,2-1,Puebla,10893.0,Estadio Hidalgo,Jesús López,Match Report,,2.0,1.0,1
Clausura 2026 Regular Season,10.0,Sat,2026-03-07,21:00,UANL,1-0,Monterrey,41615.0,Estadio Universitario de Nuevo León,Ismael López,Match Report,,1.0,0.0,1
Clausura 2026 Regular Season,10.0,Sun,2026-03-08,17:00,Toluca,3-1,FC Juárez,27273.0,Estadio Nemesio Díez,Luis Enrique Santander,Match Report,,3.0,1.0,1
Clausura 2026 Regular Season,10.0,Sun,2026-03-08,20:06,Tijuana,1-2,Santos Laguna,14833.0,Estadio Caliente,Guillermo Pacheco,Match Report,,1.0,2.0,2
Clausura 2026 Regular Season,11.0,Fri,2026-03-13,19:00,Puebla,0-0,Necaxa,12190.0,Estadio Cuauhtémoc,Ismael López,Match Report,,0.0,0.0,X
Clausura 2026 Regular Season,11.0,Fri,2026-03-13,21:00,FC Juárez,2-2,Monterrey,9425.0,Estadio Olímpico Benito Juárez,Marco Antonio Ortíz,Match Report,,2.0,2.0,X
Clausura 2026 Regular Season,11.0,Sat,2026-03-14,17:00,Atlético San Luis,1-1,Pachuca,11096.0,Estadio Alfonso Lastras Ramírez,Jorge Camacho,Match Report,,1.0,1.0,X
Clausura 2026 Regular Season,11.0,Sat,2026-03-14,17:07,Guadalajara,3-0,Santos Laguna,36263.0,Estadio Akron,Adonai Escobedo,Match Report,,3.0,0.0,1
Clausura 2026 Regular Season,11.0,Sat,2026-03-14,19:00,León,0-3,Tijuana,23301.0,Estadio León,Katia García,Match Report,,0.0,3.0,2
Clausura 2026 Regular Season,11.0,Sat,2026-03-14,19:00,Toluca,1-1,Atlas,27272.0,Estadio Nemesio Díez,César Arturo Ramos,Match Report,,1.0,1.0,X
Clausura 2026 Regular Season,11.0,Sat,2026-03-14,21:10,UNAM,2-2,Cruz Azul,42223.0,Estadio Olímpico de Universitario,Daniel Quintero,Match Report,,2.0,2.0,X
Clausura 2026 Regular Season,11.0,Sun,2026-03-15,17:00,UANL,0-0,Querétaro,40217.0,Estadio Universitario de Nuevo León,Oscar Mejía,Match Report,,0.0,0.0,X
Clausura 2026 Regular Season,11.0,Sun,2026-03-15,19:00,América,2-0,Atlante,24786.0,Estadio de la Ciudad de los Deportes,Karen Hernández,Match Report,,2.0,0.0,1
Clausura 2026 Regular Season,9.0,Wed,2026-03-18,20:07,Guadalajara,5-0,León,35150.0,Estadio Akron,Jorge Camacho,Match Report,,5.0,0.0,1
Clausura 2026 Regular Season,12.0,Fri,2026-03-20,19:00,Necaxa,3-0,Tijuana,14840.0,Estadio Victoria de Aguascalientes,Martín Molina,Match Report,,3.0,0.0,1
Clausura 2026 Regular Season,12.0,Fri,2026-03-20,20:06,Atlante,1-1,Cruz Azul,13746.0,Estadio El Encanto,Maximiliano Quintero,Match Report,,1.0,1.0,X
Clausura 2026 Regular Season,12.0,Sat,2026-03-21,17:00,Atlas,0-0,Querétaro,15321.0,Estadio Jalisco,Luis García,Match Report,,0.0,0.0,X
Clausura 2026 Regular Season,12.0,Sat,2026-03-21,19:00,Atlético San Luis,1-2,León,10659.0,Estadio Alfonso Lastras Ramírez,Luis Enrique Santander,Match Report,,1.0,2.0,2
Clausura 2026 Regular Season,12.0,Sat,2026-03-21,19:05,Monterrey,2-3,Guadalajara,48853.0,Estadio BBVA,Víctor Cáceres,Match Report,,2.0,3.0,2
Clausura 2026 Regular Season,12.0,Sat,2026-03-21,21:10,UNAM,1-0,América,42610.0,Estadio Olímpico de Universitario,César Arturo Ramos,Match Report,,1.0,0.0,1
Clausura 2026 Regular Season,12.0,Sun,2026-03-22,17:00,Pachuca,1-1,Toluca,18509.0,Estadio Hidalgo,Vicente Arce,Match Report,,1.0,1.0,X
Clausura 2026 Regular Season,12.0,Sun,2026-03-22,17:00,Santos Laguna,2-1,Puebla,10821.0,Estadio Nuevo Corona,Yonatan Peinado Aguirre,Match Report,,2.0,1.0,1
Clausura 2026 Regular Season,12.0,Sun,2026-03-22,19:06,FC Juárez,2-1,UANL,11511.0,Estadio Olímpico Benito Juárez,Adonai Escobedo,Match Report,,2.0,1.0,1
Clausura 2026 Regular Season,13.0,Fri,2026-04-03,19:00,Puebla,1-1,FC Juárez,14344.0,Estadio Cuauhtémoc,Charles Terrazas,Match Report,,1.0,1.0,X
Clausura 2026 Regular Season,13.0,Fri,2026-04-03,20:06,Tijuana,1-0,UANL,21533.0,Estadio Caliente,Daniel Quintero,Match Report,,1.0,0.0,1
Clausura 2026 Regular Season,13.0,Fri,2026-04-03,21:00,Necaxa,2-1,Atlante,16632.0,Estadio Victoria de Aguascalientes,César Arturo Ramos,Match Report,,2.0,1.0,1
Clausura 2026 Regular Season,13.0,Sat,2026-04-04,17:00,Monterrey,1-2,Atlético San Luis,41467.0,Estadio BBVA,Joaquín Vizcarra Armenta,Match Report,,1.0,2.0,2
Clausura 2026 Regular Season,13.0,Sat,2026-04-04,17:00,Querétaro,1-0,Toluca,21363.0,Estadio La Corregidora,Karen Hernández,Match Report,,1.0,0.0,1
Clausura 2026 Regular Season,13.0,Sat,2026-04-04,19:00,León,2-0,Atlas,22437.0,Estadio León,Guillermo Pacheco,Match Report,,2.0,0.0,1
Clausura 2026 Regular Season,13.0,Sat,2026-04-04,19:05,Cruz Azul,1-2,Pachuca,14726.0,Estadio Cuauhtémoc,Víctor Cáceres,Match Report,,1.0,2.0,2
Clausura 2026 Regular Season,13.0,Sat,2026-04-04,21:10,Santos Laguna,1-1,América,23258.0,Estadio Nuevo Corona,Fernando Hernández,Match Report,,1.0,1.0,X
Clausura 2026 Regular Season,13.0,Sun,2026-04-05,20:07,Guadalajara,2-2,UNAM,40907.0,Estadio Akron,Ismael López,Match Report,,2.0,2.0,X
Clausura 2026 Regular Season,7.0,Tue,2026-04-07,18:00,Querétaro,1-1,FC Juárez,7593.0,Estadio La Corregidora,Jesús López,Match Report,,1.0,1.0,X
Clausura 2026 Regular Season,14.0,Fri,2026-04-10,19:00,Puebla,0-1,León,11503.0,Estadio Cuauhtémoc,Fernando Hernández,Match Report,,0.0,1.0,2
Clausura 2026 Regular Season,14.0,Fri,2026-04-10,21:06,FC Juárez,1-2,Tijuana,8752.0,Estadio Olímpico Benito Juárez,Jorge Camacho,Match Report,,1.0,2.0,2
Clausura 2026 Regular Season,14.0,Sat,2026-04-11,17:00,UANL,4-1,Guadalajara,41615.0,Estadio Universitario de Nuevo León,Maximiliano Quintero,Match Report,,4.0,1.0,1
Clausura 2026 Regular Season,14.0,Sat,2026-04-11,17:00,Querétaro,3-1,Necaxa,9663.0,Estadio La Corregidora,Marco Antonio Ortíz,Match Report,,3.0,1.0,1
Clausura 2026 Regular Season,14.0,Sat,2026-04-11,19:00,Atlas,0-0,Monterrey,19217.0,Estadio Jalisco,Yonatan Peinado Aguirre,Match Report,,0.0,0.0,X
Clausura 2026 Regular Season,14.0,Sat,2026-04-11,19:00,Pachuca,4-2,Santos Laguna,9365.0,Estadio Hidalgo,Martín Molina,Match Report,,4.0,2.0,1
Clausura 2026 Regular Season,14.0,Sat,2026-04-11,21:05,América,1-1,Cruz Azul,46884.0,Estadio Banorte,Oscar Mejía,Match Report,,1.0,1.0,X
Clausura 2026 Regular Season,14.0,Sun,2026-04-12,12:00,UNAM,3-1,Atlante,25820.0,Estadio Olímpico de Universitario,Katia García,Match Report,,3.0,1.0,1
Clausura 2026 Regular Season,14.0,Sun,2026-04-12,19:00,Toluca,1-1,Atlético San Luis,27272.0,Estadio Nemesio Díez,Adonai Escobedo,Match Report,,1.0,1.0,X
Clausura 2026 Regular Season,15.0,Fri,2026-04-17,18:00,Atlante,1-1,Querétaro,11581.0,Estadio El Encanto,Guillermo Pacheco,Match Report,,1.0,1.0,X
Clausura 2026 Regular Season,15.0,Fri,2026-04-17,19:00,Atlético San Luis,0-2,UNAM,21016.0,Estadio Alfonso Lastras Ramírez,Luis García,Match Report,,0.0,2.0,2
Clausura 2026 Regular Season,15.0,Sat,2026-04-18,17:00,Cruz Azul,1-1,Tijuana,8336.0,Estadio Cuauhtémoc,Luis Enrique Santander,Match Report,,1.0,1.0,X
Clausura 2026 Regular Season,15.0,Sat,2026-04-18,17:00,Necaxa,1-1,UANL,15936.0,Estadio Victoria de Aguascalientes,Katia García,Match Report,,1.0,1.0,X
Clausura 2026 Regular Season,15.0,Sat,2026-04-18,19:05,Monterrey,1-3,Pachuca,39138.0,Estadio BBVA,Daniel Quintero,Match Report,,1.0,3.0,2
Clausura 2026 Regular Season,15.0,Sat,2026-04-18,19:07,Guadalajara,5-0,Puebla,38266.0,Estadio Akron,César Arturo Ramos,Match Report,,5.0,0.0,1
Clausura 2026 Regular Season,15.0,Sat,2026-04-18,21:06,León,3-1,FC Juárez,24792.0,Estadio León,Víctor Cáceres,Match Report,,3.0,1.0,1
Clausura 2026 Regular Season,15.0,Sat,2026-04-18,21:10,América,2-1,Toluca,34253.0,Estadio Banorte,Ismael López,Match Report,,2.0,1.0,1
Clausura 2026 Regular Season,15.0,Sun,2026-04-19,17:00,Santos Laguna,0-1,Atlas,12312.0,Estadio Nuevo Corona,Jesús López,Match Report,,0.0,1.0,2
Clausura 2026 Regular Season,16.0,Tue,2026-04-21,19:00,Querétaro,1-1,Cruz Azul,29822.0,Estadio La Corregidora,Vicente Arce,Match Report,,1.0,1.0,X
Clausura 2026 Regular Season,16.0,Tue,2026-04-21,19:00,UNAM,4-2,FC Juárez,19156.0,Estadio Olímpico de Universitario,Oscar Mejía,Match Report,,4.0,2.0,1
Clausura 2026 Regular Season,16.0,Tue,2026-04-21,21:05,Monterrey,2-1,Puebla,28391.0,Estadio BBVA,Luis Enrique Santander,Match Report,,2.0,1.0,1
Clausura 2026 Regular Season,16.0,Tue,2026-04-21,21:06,León,2-3,América,26668.0,Estadio León,César Arturo Ramos,Match Report,,2.0,3.0,2
Clausura 2026 Regular Season,16.0,Wed,2026-04-22,18:00,Atlante,4-3,Toluca,19384.0,Estadio El Encanto,Marco Antonio Ortíz,Match Report,,4.0,3.0,1
Clausura 2026 Regular Season,16.0,Wed,2026-04-22,19:00,Atlético San Luis,2-0,Santos Laguna,10695.0,Estadio Alfonso Lastras Ramírez,Maximiliano Quintero,Match Report,,2.0,0.0,1
Clausura 2026 Regular Season,16.0,Wed,2026-04-22,19:00,Atlas,0-0,UANL,22052.0,Estadio Jalisco,Fernando Hernández,Match Report,,0.0,0.0,X
Clausura 2026 Regular Season,16.0,Wed,2026-04-22,20:06,Tijuana,3-1,Pachuca,17333.0,Estadio Caliente,Adonai Escobedo,Match Report,,3.0,1.0,1
Clausura 2026 Regular Season,16.0,Wed,2026-04-22,21:10,Necaxa,0-0,Guadalajara,20598.0,Estadio Victoria de Aguascalientes,Joaquín Vizcarra Armenta,Match Report,,0.0,0.0,X
Clausura 2026 Regular Season,17.0,Fri,2026-04-24,21:00,Puebla,1-2,Querétaro,9979.0,Estadio Cuauhtémoc,Salvador Pérez Villalobos,Match Report,,1.0,2.0,2
Clausura 2026 Regular Season,17.0,Sat,2026-04-25,17:00,UANL,5-1,Atlante,41615.0,Estadio Universitario de Nuevo León,Ismael López,Match Report,,5.0,1.0,1
Clausura 2026 Regular Season,17.0,Sat,2026-04-25,17:00,Pachuca,0-2,UNAM,20263.0,Estadio Hidalgo,Yonatan Peinado Aguirre,Match Report,,0.0,2.0,2
Clausura 2026 Regular Season,17.0,Sat,2026-04-25,19:05,Toluca,4-1,León,27273.0,Estadio Nemesio Díez,Daniel Quintero,Match Report,,4.0,1.0,1
Clausura 2026 Regular Season,17.0,Sat,2026-04-25,19:07,Guadalajara,0-0,Tijuana,39994.0,Estadio Akron,Katia García,Match Report,,0.0,0.0,X
Clausura 2026 Regular Season,17.0,Sat,2026-04-25,21:00,FC Juárez,2-1,Atlético San Luis,6942.0,Estadio Olímpico Benito Juárez,Karen Hernández,Match Report,,2.0,1.0,1
Clausura 2026 Regular Season,17.0,Sat,2026-04-25,21:10,América,0-1,Atlas,37516.0,Estadio Banorte,Víctor Cáceres,Match Report,,0.0,1.0,2
Clausura 2026 Regular Season,17.0,Sun,2026-04-26,17:00,Santos Laguna,3-0,Monterrey,11568.0,Estadio Nuevo Corona,Abraham Quirarte,Match Report,,3.0,0.0,1
Clausura 2026 Regular Season,17.0,Sun,2026-04-26,19:05,Cruz Azul,4-1,Necaxa,20448.0,Estadio Banorte,Iván López,Match Report,,4.0,1.0,1
Clausura — Quarter-finals,,Sat,2026-05-02,19:00,UANL,3-1,Guadalajara,42392.0,Estadio Universitario de Nuevo León,Vicente Arce,Match Report,Leg 1 of 2,3.0,1.0,1
Clausura — Quarter-finals,,Sat,2026-05-02,21:15,Atlas,2-3,Cruz Azul,29514.0,Estadio Jalisco,Yonatan Peinado Aguirre,Match Report,Leg 1 of 2,2.0,3.0,2
Clausura — Quarter-finals,,Sun,2026-05-03,17:00,América,3-3,UNAM,26480.0,Estadio Banorte,Luis Enrique Santander,Match Report,Leg 1 of 2,3.0,3.0,X
Clausura — Quarter-finals,,Sun,2026-05-03,19:15,Toluca,0-1,Pachuca,24561.0,Estadio Nemesio Díez,Fernando Hernández,Match Report,Leg 1 of 2,0.0,1.0,2
Clausura — Quarter-finals,,Sat,2026-05-09,19:07,Guadalajara,2-0,UANL,42854.0,Estadio Akron,Marco Antonio Ortíz,Match Report,Leg 2 of 2; Guadalajara won,2.0,0.0,1
Clausura — Quarter-finals,,Sat,2026-05-09,21:15,Cruz Azul,1-0,Atlas,32840.0,Estadio Banorte,Katia García,Match Report,Leg 2 of 2; Cruz Azul won,1.0,0.0,1
Clausura — Quarter-finals,,Sun,2026-05-10,17:00,Pachuca,2-0,Toluca,21880.0,Estadio Hidalgo,Adonai Escobedo,Match Report,Leg 2 of 2; Pachuca won,2.0,0.0,1
Clausura — Quarter-finals,,Sun,2026-05-10,19:15,UNAM,3-3,América,48297.0,Estadio Olímpico de Universitario,César Arturo Ramos,Match Report,Leg 2 of 2; UNAM won,3.0,3.0,X
Clausura — Semi-finals,,Wed,2026-05-13,20:00,Cruz Azul,2-2,Guadalajara,63375.0,Estadio Banorte,Maximiliano Quintero,Match Report,Leg 1 of 2,2.0,2.0,X
Clausura — Semi-finals,,Thu,2026-05-14,19:00,Pachuca,1-0,UNAM,25920.0,Estadio Hidalgo,Ismael López,Match Report,Leg 1 of 2,1.0,0.0,1
Clausura — Semi-finals,,Sat,2026-05-16,19:07,Guadalajara,1-2,Cruz Azul,46200.0,Estadio Jalisco,César Arturo Ramos,Match Report,Leg 2 of 2; Cruz Azul won,1.0,2.0,2
Clausura — Semi-finals,,Sun,2026-05-17,19:00,UNAM,1-0,Pachuca,48410.0,Estadio Olímpico de Universitario,Daniel Quintero,Match Report,Leg 2 of 2; UNAM won,1.0,0.0,1
Clausura — Finals,,Thu,2026-05-21,20:00,Cruz Azul,0-0,UNAM,27500.0,Estadio de la Ciudad de los Deportes,Ismael López,Match Report,Leg 1 of 2,0.0,0.0,X
Clausura — Finals,,Sun,2026-05-24,19:00,UNAM,1-2,Cruz Azul,48445.0,Estadio Olímpico de Universitario,Daniel Quintero,Match Report,Leg 2 of 2; Cruz Azul won,1.0,2.0,2
,1.0,Thu,2026-07-16,19:00,Necaxa,2-1,Atlante,18511.0,Estadio Victoria de Aguascalientes,Yonatan Peinado Aguirre,Match Report,,2.0,1.0,1
,1.0,Thu,2026-07-16,20:10,Tijuana,3-1,UANL,25333.0,Estadio Caliente,Ismael López,Match Report,,3.0,1.0,1
,1.0,Fri,2026-07-17,19:00,Atlético San Luis,2-3,Cruz Azul,21945.0,Estadio Alfonso Lastras Ramírez,Adonai Escobedo,Match Report,,2.0,3.0,2
,1.0,Fri,2026-07-17,19:00,León,2-3,Atlas,24997.0,Estadio León,Rafael López,Match Report,,2.0,3.0,2
,1.0,Fri,2026-07-17,21:00,FC Juárez,0-1,Puebla,7004.0,Estadio Olímpico Benito Juárez,Fernando Hernández,Match Report,,0.0,1.0,2
,1.0,Sat,2026-07-18,17:00,UNAM,0-3,Pachuca,15021.0,Estadio Olímpico de Universitario,Vicente Arce,Match Report,,0.0,3.0,2
,1.0,Sat,2026-07-18,19:05,Monterrey,3-2,Santos Laguna,47872.0,Estadio BBVA,Marco Antonio Ortíz,Match Report,,3.0,2.0,1
,1.0,Sat,2026-07-18,19:07,Guadalajara,0-2,Toluca,41182.0,Estadio Akron,Daniel Quintero,Match Report,,0.0,2.0,2
,1.0,Sat,2026-07-18,21:10,Querétaro,0-1,América,30229.0,Estadio La Corregidora,Luis Enrique Santander,Match Report,,0.0,1.0,2
,2.0,Tue,2026-07-21,19:00,Cruz Azul,2-1,Puebla,33185.0,Estadio Banorte,Karen Hernández,Match Report,,2.0,1.0,1
,2.0,Tue,2026-07-21,21:05,Toluca,1-2,UNAM,27273.0,Estadio Nemesio Díez,Víctor Cáceres,Match Report,,1.0,2.0,2
,2.0,Fri,2026-07-24,20:00,Tijuana,1-0,León,25233.0,Estadio Caliente,Joaquín Vizcarra Armenta,Match Report,,1.0,0.0,1
,2.0,Fri,2026-07-24,21:00,Atlante,1-1,América,58576.0,Estadio Banorte,Katia García,Match Report,,1.0,1.0,X
,2.0,Sat,2026-07-25,17:07,Guadalajara,1-0,FC Juárez,38426.0,Estadio Akron,César Arturo Ramos,Match Report,,1.0,0.0,1
,2.0,Sat,2026-07-25,21:00,Santos Laguna,0-1,Atlas,21333.0,Estadio Nuevo Corona,Martín Molina,Match Report,,0.0,1.0,2
,2.0,Sat,2026-07-25,21:00,UANL,2-2,Atlético San Luis,41615.0,Estadio Universitario de Nuevo León,Luis García,Match Report,,2.0,2.0,X
,2.0,Sun,2026-07-26,17:00,Necaxa,2-1,Monterrey,14557.0,Estadio Victoria de Aguascalientes,Iván López,Match Report,,2.0,1.0,1
,2.0,Sun,2026-07-26,19:06,Pachuca,1-2,Querétaro,12440.0,Estadio Hidalgo,Maximiliano Quintero,Match Report,,1.0,2.0,2
,3.0,Fri,2026-07-31,19:00,Puebla,1-1,Guadalajara,42714.0,Estadio Cuauhtémoc,Adonai Escobedo,Match Report,,1.0,1.0,X
,3.0,Fri,2026-07-31,21:00,FC Juárez,1-5,UNAM,9594.0,Estadio Olímpico Benito Juárez,Mario Terrazas Chávez,Match Report,,1.0,5.0,2
,3.0,Fri,2026-07-31,21:00,Atlético San Luis,0-0,Tijuana,22140.0,Estadio Alfonso Lastras Ramírez,Vicente Arce,Match Report,,0.0,0.0,X
,3.0,Sat,2026-08-01,17:00,Querétaro,3-2,UANL,13457.0,Estadio La Corregidora,Katia García,Match Report,,3.0,2.0,1
,3.0,Sat,2026-08-01,19:05,Atlas,0-2,Monterrey,46460.0,Estadio Jalisco,Jorge Camacho,Match Report,,0.0,2.0,2
,3.0,Sat,2026-08-01,19:06,León,1-0,Pachuca,21523.0,Estadio León,Fernando Hernández,Match Report,,1.0,0.0,1
,3.0,Sat,2026-08-01,21:00,Cruz Azul,2-3,Atlante,53136.0,Estadio Banorte,Abraham Quirarte,Match Report,,2.0,3.0,2
,3.0,Sun,2026-08-02,17:00,América,3-0,Santos Laguna,31368.0,Estadio Banorte,Víctor Cáceres,Match Report,,3.0,0.0,1
,3.0,Sun,2026-08-02,19:05,Toluca,3-1,Necaxa,27273.0,Estadio Nemesio Díez,Rafael López,Match Report,,3.0,1.0,1
,4.0,Sat,2026-08-15,17:00,Atlante,0-0,Toluca,22090.0,Estadio Banorte,Salvador Pérez Villalobos,Match Report,,0.0,0.0,X
,4.0,Sat,2026-08-15,19:10,Monterrey,6-1,FC Juárez,46593.0,Estadio BBVA,Luis García,Match Report,,6.0,1.0,1
,4.0,Sat,2026-08-15,21:10,Atlas,2-1,UANL,47543.0,Estadio Jalisco,César Arturo Ramos,Match Report,,2.0,1.0,1
,4.0,Sun,2026-08-16,12:00,UNAM,0-0,Querétaro,17420.0,Estadio Olímpico de Universitario,Karen Hernández,Match Report,,0.0,0.0,X
,4.0,Sun,2026-08-16,17:00,América,3-0,Atlético San Luis,25634.0,Estadio Banorte,Maximiliano Quintero,Match Report,,3.0,0.0,1
,4.0,Sun,2026-08-16,19:10,Santos Laguna,0-1,Guadalajara,24444.0,Estadio Nuevo Corona,Vicente Arce,Match Report,,0.0,1.0,2
,4.0,Sun,2026-08-16,20:00,Tijuana,2-1,Cruz Azul,29533.0,Estadio Caliente,Víctor Cáceres,Match Report,,2.0,1.0,1
,4.0,Mon,2026-08-17,19:00,Necaxa,1-2,León,17132.0,Estadio Victoria de Aguascalientes,Luis Enrique Santander,Match Report,,1.0,2.0,2
,4.0,Mon,2026-08-17,21:06,Pachuca,2-3,Puebla,7732.0,Estadio Hidalgo,Aldo Ballesteros Barba,Match Report,,2.0,3.0,2
,5.0,Fri,2026-08-21,19:00,León,2-0,Monterrey,20066.0,Estadio León,César Arturo Ramos,Match Report,,2.0,0.0,1
,5.0,Fri,2026-08-21,19:00,UANL,2-0,Atlante,35027.0,Estadio Universitario de Nuevo León,Fernando Hernández,Match Report,,2.0,0.0,1
,5.0,Fri,2026-08-21,21:10,FC Juárez,1-2,América,17497.0,Estadio Olímpico Benito Juárez,Ismael López,Match Report,,1.0,2.0,2
,5.0,Fri,2026-08-21,21:10,Querétaro,1-2,Toluca,17917.0,Estadio La Corregidora,Yonatan Peinado Aguirre,Match Report,,1.0,2.0,2
,5.0,Sat,2026-08-22,17:07,Guadalajara,5-2,Tijuana,39746.0,Estadio Akron,Mario Terrazas Chávez,Match Report,,5.0,2.0,1
,5.0,Sat,2026-08-22,19:00,Puebla,3-2,Santos Laguna,13761.0,Estadio Cuauhtémoc,Daniel Quintero,Match Report,,3.0,2.0,1
,5.0,Sat,2026-08-22,21:00,Cruz Azul,0-2,Atlas,20263.0,Estadio Banorte,Guillermo Pacheco,Match Report,,0.0,2.0,2
,5.0,Sun,2026-08-23,17:00,Atlético San Luis,1-1,Pachuca,13569.0,Estadio Alfonso Lastras Ramírez,Adonai Escobedo,Match Report,,1.0,1.0,X
,5.0,Sun,2026-08-23,19:00,UNAM,1-1,Necaxa,13323.0,Estadio Olímpico de Universitario,Marco Antonio Ortíz,Match Report,,1.0,1.0,X
,6.0,Fri,2026-08-28,19:00,Necaxa,1-3,Cruz Azul,19308.0,Estadio Victoria de Aguascalientes,Ismael López,Match Report,,1.0,3.0,2
,6.0,Fri,2026-08-28,20:00,Atlante,1-1,León,,Estadio Banorte,Martín Molina,Match Report,,1.0,1.0,X
,6.0,Fri,2026-08-28,20:10,Tijuana,2-0,UNAM,24333.0,Estadio Caliente,César Arturo Ramos,Match Report,,2.0,0.0,1
,6.0,Sat,2026-08-29,17:00,Pachuca,1-1,Guadalajara,21673.0,Estadio Hidalgo,Víctor Cáceres,Match Report,,1.0,1.0,X
,6.0,Sat,2026-08-29,17:00,Atlas,1-3,Querétaro,37141.0,Estadio Jalisco,Marco Antonio Ortíz,Match Report,,1.0,3.0,2
,6.0,Sat,2026-08-29,19:05,América,2-0,Puebla,29778.0,Estadio Banorte,Salvador Pérez Villalobos,Match Report,,2.0,0.0,1
,6.0,Sat,2026-08-29,21:10,Santos Laguna,0-0,UANL,15633.0,Estadio Nuevo Corona,Rafael López,Match Report,,0.0,0.0,X
,6.0,Sun,2026-08-30,18:00,Toluca,4-0,FC Juárez,25599.0,Estadio Nemesio Díez,Abraham Quirarte,Match Report,,4.0,0.0,1
,6.0,Sun,2026-08-30,20:10,Monterrey,1-3,Atlético San Luis,46255.0,Estadio BBVA,Luis Enrique Santander,Match Report,,1.0,3.0,2
,7.0,Fri,2026-09-04,21:00,FC Juárez,0-2,Pachuca,9208.0,Estadio Olímpico Benito Juárez,Katia García,Match Report,,0.0,2.0,2
,7.0,Sat,2026-09-05,17:00,Atlético San Luis,0-3,Guadalajara,22270.0,Estadio Alfonso Lastras Ramírez,Jorge Camacho,Match Report,,0.0,3.0,2
,7.0,Sat,2026-09-05,19:00,UANL,1-1,Necaxa,32079.0,Estadio Universitario de Nuevo León,Karen Hernández,Match Report,,1.0,1.0,X
,7.0,Sat,2026-09-05,21:00,Atlas,1-1,Atlante,31870.0,Estadio Jalisco,Iván López,Match Report,,1.0,1.0,X
,7.0,Sun,2026-09-06,17:00,Cruz Azul,1-0,Santos Laguna,10478.0,Estadio Banorte,Maximiliano Quintero,Match Report,,1.0,0.0,1
,7.0,Thu,2026-09-10,21:05,UNAM,3-1,León,,Estadio Olímpico de Universitario,Salvador Pérez Villalobos,Match Report,,3.0,1.0,1
,8.0,Fri,2026-09-11,19:00,Necaxa,0-1,Puebla,,Estadio Victoria de Aguascalientes,Joaquín Vizcarra Armenta,Match Report,,0.0,1.0,2
,8.0,Fri,2026-09-11,20:10,Tijuana,0-1,Querétaro,,Estadio Caliente,Fernando Hernández,Match Report,,0.0,1.0,2
,8.0,Fri,2026-09-11,21:00,Atlante,0-3,Pachuca,,Estadio Banorte,Marco Antonio Ortíz,Match Report,,0.0,3.0,2
,8.0,Sat,2026-09-12,17:05,Toluca,5-2,Atlas,,Estadio Nemesio Díez,Mario Terrazas Chávez,Match Report,,5.0,2.0,1
,8.0,Sat,2026-09-12,19:10,Monterrey,0-0,UANL,,Estadio BBVA,Ismael López,Match Report,,0.0,0.0,X
,8.0,Sat,2026-09-12,21:15,Cruz Azul,4-3,América,,Estadio Banorte,Luis Enrique Santander,Match Report,,4.0,3.0,1
,8.0,Sun,2026-09-13,19:00,Santos Laguna,2-1,FC Juárez,,Estadio Nuevo Corona,Guillermo Pacheco,Match Report,,2.0,1.0,1
,8.0,Sun,2026-09-13,19:07,Guadalajara,3-0,UNAM,,Estadio Akron,Maximiliano Quintero,Match Report,,3.0,0.0,1
,8.0,Mon,2026-09-14,19:00,León,2-0,Atlético San Luis,,Estadio León,Daniel Quintero,Match Report,,2.0,0.0,1
,7.0,Tue,2026-09-15,19:00,Puebla,,Toluca,,Estadio Cuauhtémoc,,Head-to-Head,,,,
,9.0,Fri,2026-09-18,19:00,Puebla,,Atlante,,Estadio Cuauhtémoc,,Head-to-Head,,,,
,9.0,Fri,2026-09-18,21:00,FC Juárez,,UANL,,Estadio Olímpico Benito Juárez,,Head-to-Head,,,,
,9.0,Sat,2026-09-19,17:00,Atlas,,UNAM,,Estadio Jalisco,,Head-to-Head,,,,
,9.0,Sat,2026-09-19,17:00,Atlético San Luis,,Necaxa,,Estadio Alfonso Lastras Ramírez,,Head-to-Head,,,,
,9.0,Sat,2026-09-19,19:10,Monterrey,,Cruz Azul,,Estadio BBVA,,Head-to-Head,,,,
,9.0,Sat,2026-09-19,21:15,América,,Guadalajara,,Estadio Banorte,,Head-to-Head,,,,
,9.0,Sun,2026-09-20,18:00,Pachuca,,Tijuana,,Estadio Hidalgo,,Head-to-Head,,,,
,9.0,Sun,2026-09-20,18:00,Toluca,,Santos Laguna,,Estadio Nemesio Díez,,Head-to-Head,,,,
,9.0,Sun,2026-09-20,20:05,Querétaro,,León,,Estadio La Corregidora,,Head-to-Head,,,,
,10.0,Fri,2026-09-25,19:00,Atlante,,Monterrey,,Estadio Banorte,,Head-to-Head,,,,
,10.0,Fri,2026-09-25,20:00,Tijuana,,Atlas,,Estadio Caliente,,Head-to-Head,,,,
,10.0,Sat,2026-09-26,17:00,Cruz Azul,,Toluca,,Estadio Banorte,,Head-to-Head,,,,
,10.0,Sat,2026-09-26,17:07,Guadalajara,,Querétaro,,Estadio Akron,,Head-to-Head,,,,
,10.0,Sat,2026-09-26,19:00,Santos Laguna,,Pachuca,,Estadio Nuevo Corona,,Head-to-Head,,,,
,10.0,Sat,2026-09-26,19:00,UANL,,Puebla,,Estadio Universitario de Nuevo León,,Head-to-Head,,,,
,10.0,Sun,2026-09-27,12:00,UNAM,,Atlético San Luis,,Estadio Olímpico de Universitario,,Head-to-Head,,,,
,10.0,Sun,2026-09-27,19:00,León,,FC Juárez,,Estadio León,,Head-to-Head,,,,
,10.0,Sun,2026-09-27,21:00,Necaxa,,América,,Estadio Victoria de Aguascalientes,,Head-to-Head,,,,
,11.0,Fri,2026-10-09,19:00,Querétaro,,Atlante,,Estadio La Corregidora,,Head-to-Head,,,,
,11.0,Fri,2026-10-09,19:00,Puebla,,León,,Estadio Cuauhtémoc,,Head-to-Head,,,,
,11.0,Fri,2026-10-09,21:00,UANL,,Toluca,,Estadio Universitario de Nuevo León,,Head-to-Head,,,,
,11.0,Sat,2026-10-10,17:00,FC Juárez,,Tijuana,,Estadio Olímpico Benito Juárez,,Head-to-Head,,,,
,11.0,Sat,2026-10-10,19:00,Atlas,,Guadalajara,,Estadio Jalisco,,Head-to-Head,,,,
,11.0,Sat,2026-10-10,21:00,América,,Monterrey,,Estadio Banorte,,Head-to-Head,,,,
,11.0,Sun,2026-10-11,17:00,Atlético San Luis,,Santos Laguna,,Estadio Alfonso Lastras Ramírez,,Head-to-Head,,,,
,11.0,Sun,2026-10-11,17:00,Pachuca,,Necaxa,,Estadio Hidalgo,,Head-to-Head,,,,
,11.0,Sun,2026-10-11,19:00,UNAM,,Cruz Azul,,Estadio Olímpico de Universitario,,Head-to-Head,,,,
,12.0,Fri,2026-10-16,19:00,Necaxa,,Atlas,,Estadio Victoria de Aguascalientes,,Head-to-Head,,,,
,12.0,Fri,2026-10-16,20:00,Tijuana,,Puebla,,Estadio Caliente,,Head-to-Head,,,,
,12.0,Fri,2026-10-16,21:00,Atlante,,UNAM,,Estadio Banorte,,Head-to-Head,,,,
,12.0,Sat,2026-10-17,17:00,Santos Laguna,,Querétaro,,Estadio Nuevo Corona,,Head-to-Head,,,,
,12.0,Sat,2026-10-17,17:07,Guadalajara,,UANL,,Estadio Akron,,Head-to-Head,,,,
,12.0,Sat,2026-10-17,19:00,León,,América,,Estadio León,,Head-to-Head,,,,
,12.0,Sat,2026-10-17,19:00,Toluca,,Atlético San Luis,,Estadio Nemesio Díez,,Head-to-Head,,,,
,12.0,Sat,2026-10-17,21:00,Cruz Azul,,FC Juárez,,Estadio Banorte,,Head-to-Head,,,,
,12.0,Sun,2026-10-18,19:00,Monterrey,,Pachuca,,Estadio BBVA,,Head-to-Head,,,,
,13.0,Tue,2026-10-20,18:07,Guadalajara,,Necaxa,,Estadio Akron,,Head-to-Head,,,,
,13.0,Tue,2026-10-20,19:00,FC Juárez,,Atlante,,Estadio Olímpico Benito Juárez,,Head-to-Head,,,,
,13.0,Tue,2026-10-20,19:00,Atlético San Luis,,Querétaro,,Estadio Alfonso Lastras Ramírez,,Head-to-Head,,,,
,13.0,Tue,2026-10-20,21:00,UANL,,León,,Estadio Universitario de Nuevo León,,Head-to-Head,,,,
,13.0,Wed,2026-10-21,19:00,Atlas,,América,,Estadio Jalisco,,Head-to-Head,,,,
,13.0,Wed,2026-10-21,19:00,Puebla,,Monterrey,,Estadio Cuauhtémoc,,Head-to-Head,,,,
,13.0,Wed,2026-10-21,19:00,Toluca,,Tijuana,,Estadio Nemesio Díez,,Head-to-Head,,,,
,13.0,Wed,2026-10-21,21:00,Santos Laguna,,UNAM,,Estadio Nuevo Corona,,Head-to-Head,,,,
,13.0,Wed,2026-10-21,21:00,Pachuca,,Cruz Azul,,Estadio Hidalgo,,Head-to-Head,,,,
,14.0,Fri,2026-10-23,19:00,Necaxa,,FC Juárez,,Estadio Victoria de Aguascalientes,,Head-to-Head,,,,
,14.0,Fri,2026-10-23,21:00,Atlante,,Atlético San Luis,,Estadio Banorte,,Head-to-Head,,,,
,14.0,Sat,2026-10-24,17:00,León,,Toluca,,Estadio León,,Head-to-Head,,,,
,14.0,Sat,2026-10-24,19:00,Monterrey,,Guadalajara,,Estadio BBVA,,Head-to-Head,,,,
,14.0,Sat,2026-10-24,21:00,UNAM,,UANL,,Estadio Olímpico de Universitario,,Head-to-Head,,,,
,14.0,Sun,2026-10-25,17:00,Atlas,,Puebla,,Estadio Jalisco,,Head-to-Head,,,,
,14.0,Sun,2026-10-25,17:00,América,,Pachuca,,Estadio Banorte,,Head-to-Head,,,,
,14.0,Sun,2026-10-25,19:00,Querétaro,,Cruz Azul,,Estadio La Corregidora,,Head-to-Head,,,,
,14.0,Sun,2026-10-25,20:00,Tijuana,,Santos Laguna,,Estadio Caliente,,Head-to-Head,,,,
,7.0,Wed,2026-10-28,21:00,América,,Tijuana,,Estadio Banorte,,Head-to-Head,,,,
,15.0,Fri,2026-10-30,19:00,Atlético San Luis,,Atlas,,Estadio Alfonso Lastras Ramírez,,Head-to-Head,,,,
,15.0,Fri,2026-10-30,19:00,FC Juárez,,Querétaro,,Estadio Olímpico Benito Juárez,,Head-to-Head,,,,
,15.0,Fri,2026-10-30,21:00,Puebla,,UNAM,,Estadio Cuauhtémoc,,Head-to-Head,,,,
,15.0,Sat,2026-10-31,17:00,Pachuca,,UANL,,Estadio Hidalgo,,Head-to-Head,,,,
,15.0,Sat,2026-10-31,19:00,Monterrey,,Tijuana,,Estadio BBVA,,Head-to-Head,,,,
,15.0,Sat,2026-10-31,19:00,Guadalajara,,Atlante,,Estadio Akron,,Head-to-Head,,,,
,15.0,Sat,2026-10-31,21:00,América,,Toluca,,Estadio Banorte,,Head-to-Head,,,,
,15.0,Sun,2026-11-01,17:00,Santos Laguna,,Necaxa,,Estadio Nuevo Corona,,Head-to-Head,,,,
,15.0,Sun,2026-11-01,19:00,Cruz Azul,,León,,Estadio Banorte,,Head-to-Head,,,,
,16.0,Fri,2026-11-06,19:00,Necaxa,,Tijuana,,Estadio Victoria de Aguascalientes,,Head-to-Head,,,,
,16.0,Fri,2026-11-06,19:00,Atlético San Luis,,FC Juárez,,Estadio Alfonso Lastras Ramírez,,Head-to-Head,,,,
,16.0,Fri,2026-11-06,21:00,Atlante,,Santos Laguna,,Estadio Banorte,,Head-to-Head,,,,
,16.0,Sat,2026-11-07,17:00,UANL,,Cruz Azul,,Estadio Universitario de Nuevo León,,Head-to-Head,,,,
,16.0,Sat,2026-11-07,17:00,Atlas,,Pachuca,,Estadio Jalisco,,Head-to-Head,,,,
,16.0,Sat,2026-11-07,19:00,Toluca,,Monterrey,,Estadio Nemesio Díez,,Head-to-Head,,,,
,16.0,Sat,2026-11-07,21:00,UNAM,,América,,Estadio Olímpico de Universitario,,Head-to-Head,,,,
,16.0,Sun,2026-11-08,18:00,Querétaro,,Puebla,,Estadio La Corregidora,,Head-to-Head,,,,
,16.0,Sun,2026-11-08,19:00,León,,Guadalajara,,Estadio León,,Head-to-Head,,,,
,7.0,Sat,2026-11-14,17:00,Querétaro,,Monterrey,,Estadio La Corregidora,,Head-to-Head,,,,
,17.0,Fri,2026-11-20,19:00,Tijuana,,Atlante,,Estadio Caliente,,Head-to-Head,,,,
,17.0,Fri,2026-11-20,19:00,Puebla,,Atlético San Luis,,Estadio Cuauhtémoc,,Head-to-Head,,,,
,17.0,Fri,2026-11-20,20:00,FC Juárez,,Atlas,,Estadio Olímpico Benito Juárez,,Head-to-Head,,,,
,17.0,Sat,2026-11-21,17:00,Santos Laguna,,León,,Estadio Nuevo Corona,,Head-to-Head,,,,
,17.0,Sat,2026-11-21,17:00,Pachuca,,Toluca,,Estadio Hidalgo,,Head-to-Head,,,,
,17.0,Sat,2026-11-21,19:00,UNAM,,Monterrey,,Estadio Olímpico de Universitario,,Head-to-Head,,,,
,17.0,Sat,2026-11-21,21:00,UANL,,América,,Estadio Universitario de Nuevo León,,Head-to-Head,,,,
,17.0,Sun,2026-11-22,17:00,Guadalajara,,Cruz Azul,,Estadio Akron,,Head-to-Head,,,,
,17.0,Sun,2026-11-22,19:00,Querétaro,,Necaxa,,Estadio La Corregidora,,Head-to-Head,,,,
